x1,x2,x3,x4,x5,x6,y
0.2898561586504173,0.4715190575430611,0.14610921505388175,-1.0,1.0,1.0,5.668605722053798
-0.6179262349354431,-0.4463537562080847,-0.6168579037225539,-1.0,-0.41187465218429176,-0.33621765000432946,-0.07363899078333119
-0.12595378160389384,-0.5642721096520315,0.06237633070355042,0.23910664217566235,1.0,-0.20464599648925014,-0.2591212172284831
0.7204761290654813,1.0,0.5248749090417095,0.36755705819037954,1.0,-0.5162164661582038,-1.350730721205991
-1.0,-1.0,0.7482232377435227,0.32237545662921985,1.0,0.011173302906176963,2.2680681745581777
1.0,1.0,0.5639488234131576,0.43316307770763873,0.926580253081489,0.5266806156757597,-3.7964988257656214
0.7091494672397853,-0.3328768699049689,-0.7117799872553678,0.4252038899651925,-0.8046469446476563,-0.4769715757465045,1.758637651396458
-1.0,1.0,-0.3849251146972006,0.4029685403191937,0.34157440542442397,0.01732401389650856,1.074767382640207
-0.691601182672068,-0.3343567565047436,-1.0,-0.5280411703472923,-1.0,-0.1332488972241263,-2.0191706739679534
0.8235187338168359,-0.43188970528462056,0.8712905341835014,-0.5664419889616186,1.0,-0.055528603139357646,-1.6720838980546047
-1.0,-0.8244480266565551,-1.0,0.824398174021299,-0.6615105949851724,-0.13195112417532073,-6.622974570799664
-0.7657579086515314,-0.02399558923223477,-0.9894368356021352,-0.4098262770807928,0.7510658497484286,1.0,7.986079361130839
1.0,1.0,1.0,0.2942559546602913,-1.0,-0.40107491473861867,2.135486971665448
-1.0,-0.514253312156991,-1.0,-0.6326215945992735,-0.9223620563830386,-1.0,2.817285794785381
-0.5980698986850136,-0.07517745648602348,0.1747963533996392,-0.10932610767218129,-0.8534492611123018,0.17441963801068588,-1.9591787358309074
-0.2251954691810112,-0.38247606995208905,-1.0,-0.4355151872681884,-0.3685533100288577,-1.0,3.488199000566665
-0.5541634176118795,-0.14588529642483528,0.17002670186805868,0.545524479507064,-1.0,-0.3344718977813266,-0.564344360533614
0.7196316277158725,-0.12018044533348582,-0.6809656715429215,0.8258774990217452,1.0,1.0,3.0476127087019553
-0.08617805108197696,-0.9258700666503694,-0.8510738532500752,0.006696076163028364,-0.1250213443382392,0.10289526042455188,-1.7459316127979516
-0.2420677585966543,-0.5738436143660588,0.8550854461020321,0.1611639341543314,0.7608624062460871,0.9884786252823724,-0.3492802971129363
1.0,-0.724170459443967,-0.9733928706399034,-0.1973318149135449,-0.21172552554850585,-0.4864163261625838,1.1027074562214407
-1.0,-0.9112421592186061,-1.0,-0.0974980260994287,-0.8257472009148341,-0.7497957924179621,-1.9255596997869073
0.7384730120497184,0.5797874514626278,0.4995469777948687,0.567193592282149,0.35758808873110715,0.7555595235585224,-0.6425342348613988
-0.43320722177725157,-1.0,-1.0,-0.23287601491453525,-0.3114609280569215,-1.0,2.36132547009158
-0.6335986055620704,-0.4648961633948836,-0.43483018288275466,-0.45554163040860185,0.12556250041473838,0.3438340894495947,0.5408212954348441
-0.10302812451647547,-1.0,-1.0,0.338207543032326,1.0,0.650310821919921,-0.16651543673405836
1.0,0.831484273866294,1.0,-0.35283933701384873,-0.3153665994625664,1.0,-0.05822277315853003
-0.8024096126829804,0.6053298936251917,-0.5083742535678341,0.20185014665887308,-0.6093084368893108,0.4217287124663822,0.6489558508291757
-0.6152144756236473,1.0,-1.0,-1.0,0.4684551233359644,-0.5520526901364757,0.30636070360166073
-1.0,0.264970233042663,-1.0,-0.06837095600303855,-0.916523559563287,0.5898025051444368,-0.5216199821247538
0.5126570041595135,0.9867700346165216,1.0,1.0,0.05340765101627065,0.9816866499735334,-5.3557032063701975
0.7881946606776513,0.21038519717486204,0.7684705429268937,1.0,0.0500949747676368,0.19764662185648818,-1.6147004784515615
-0.551700550469894,-1.0,-0.6758371440230369,0.11902320708946068,-0.27913995415212445,-0.7281650195629943,-1.0930532115189338
-0.4726021024875382,1.0,1.0,-0.22889000957171676,1.0,-0.9575943131343192,-1.11520137415554
0.7871008469299706,0.6464536521807069,-0.4174120003710476,0.6510702573438756,-1.0,-0.3709411995585903,3.413198466407939
1.0,1.0,0.9319679916963646,0.5335592358317991,0.1275187679344201,-1.0,0.7634935184838803
-0.9886031151418704,0.9183146886376624,1.0,-0.02589029595094927,0.18308897744253355,0.08483349013963867,-3.303655419144528
0.45830218119032406,0.8063766164814589,-0.1003699422392057,-0.630883457041391,-0.1394689629030168,-1.0,2.203156751417904
0.16015041379900583,0.4810127601717567,-0.2462149503716835,-0.34113905443559134,-0.769676275350107,1.0,5.327886789433397
-0.41952218662614255,0.24976956070457534,-1.0,0.01272143206960108,-0.055907621321231726,-0.2322228213007005,0.05977233711869717
-0.4441307679974347,0.4467446109194316,-0.3508190401235943,-0.01805475072723839,-0.3229288824883896,0.03578450776037356,0.40833468098653036
0.3899638500753726,0.27626347520364636,0.9829297993901169,0.11291627667743831,0.8078327342096553,-0.18773552459744147,-1.1606646034793309
0.3971686698894181,0.4070684308940875,-0.0741299520044274,0.5264490139490969,-0.9702731133252681,0.004715444071333619,1.317492996857392
-1.0,-0.8420341352485344,-0.10574081387787282,-1.0,-0.4591636725444235,-0.5113478824009583,1.508704332603113
1.0,0.41545870944239827,0.7034670758498112,1.0,0.5436207197998949,0.7938415659883427,-3.472089626966048
0.044287822496196116,0.6940545700521644,-0.44030118057041234,-0.3722077592940589,-0.5096943897274928,-0.6737536680714402,-0.09794150642640323
-0.9726683340083886,-1.0,-1.0,-0.25343134355210273,0.2246128210241376,-0.15565956813495796,-4.85376003178292
-1.0,-0.6472687577110741,-0.836238892069672,-1.0,0.9053892548350262,0.5827449919836633,-1.535546378061632
0.2511152163447661,0.19684461639088968,1.0,1.0,-1.0,-1.0,2.04665116446234
-1.0,-1.0,-1.0,-0.20222928140640528,-0.3353657083033411,0.4809441793430578,-4.683266851086829
0.09823076534194086,-0.6213154759300672,0.3710938735693482,-1.0,-0.9680082855005243,-0.2275944367353584,4.9037280303408615
-0.5247451775994864,0.10255124003975702,-0.46564058415584464,-0.8089722444241982,0.23873073176882986,-1.0,2.931744051986267
0.3524344438796634,0.06560316366623264,0.11455863560734732,-0.18769353661400934,1.0,-0.4515753423016424,-1.1636230858162877
0.20436578144468465,0.5143390261993074,-0.3858502742426988,0.19472027541410342,0.46883898129062906,0.33901947019329703,0.15513900770813993
0.6752760810311518,1.0,1.0,1.0,1.0,0.9529286333621871,-8.00608228938154
-1.0,-1.0,-0.4666616273320797,-1.0,1.0,0.19879784359831013,-1.0570026714743195
0.8557387992992004,0.6359043058297214,0.5012243376310788,0.3494952787591393,1.0,1.0,0.01013743003076184
-1.0,-0.6314182122738025,-1.0,-0.9890978815039537,-0.5274984327183856,-0.9009512983013801,4.198511196071081
-0.8446189224800903,0.7832824269054083,-0.34263932695300925,-0.3805005795724614,1.0,0.8391943484127096,6.598677298849574
0.07636598575404108,-0.5864323003370764,-1.0,0.4191742764272858,-0.13216437841879147,1.0,5.483340612866679
-0.020198075011708227,1.0,-0.5526518772132964,-0.5056925856832641,-1.0,1.0,9.188058144445398
0.2570827819547874,0.23940297168510116,0.7919412760070241,1.0,-0.2756717497273464,-0.8817882400160166,2.612014934372322
0.14194415362942214,0.6312609801660176,1.0,0.7622174263740764,-0.888005909393202,-0.7191563017443057,1.324619134925601
-0.08330771234967954,-0.4354626605517536,0.6970719222939069,-1.0,-1.0,-1.0,4.747083606575226
-1.0,-1.0,-1.0,-1.0,0.19700572570590635,0.7870255960079439,-4.736798884578322
0.5720091623165113,0.2997015289087379,1.0,-0.25803513788571186,-0.18259793816721204,-0.5051316056697752,1.4124153039582188
-0.6617469895841694,-1.0,-0.025869658162433813,1.0,0.42825522625110213,-0.08216342505523822,-0.5195104136585323
1.0,0.43106285499754615,0.3585171932934079,0.18770365936924338,-0.0847660439629716,0.6585724776995638,1.5307085574671888
0.12920782003197478,0.5700697095539892,-0.019948039223485536,0.10626843633754102,1.0,0.7693405024686852,2.6902210880537045
-1.0,-1.0,-1.0,-1.0,-0.45677566157628935,0.13597045473001482,-6.071340867129747
0.39317961759409864,-0.7876489131479151,0.7809029064232773,-0.0960594372611866,1.0,1.0,-0.7673741874924634
-0.7639245386462475,0.6321527608386512,-0.6198784093752501,-1.0,0.0581645306237934,1.0,5.627131009345713
-0.27403901530283314,-0.32635361566330245,-0.7943278140227895,-0.4966218746853253,0.4786052635360003,0.7473607628553458,2.37746599486609
-0.3894215281150275,0.983527752412877,1.0,-0.6339459349368047,1.0,1.0,1.1293770471757067
-0.9799704401359446,-0.7627256891881784,0.41166479056073424,1.0,-0.23379142231915903,0.6087330774047678,-1.1307966467488038
0.3055018907895616,-1.0,-0.39558785542841857,0.21490482884996942,1.0,-0.7685157413780699,-0.6803608474512504
1.0,0.11485658698391599,1.0,-0.4878593970537215,0.6233807172231182,-0.12255224841604316,-2.1422344335460477
-0.1604325667495224,0.7783867328662375,-0.20582168447035187,-0.1567809174381442,-0.09966658513238075,0.7282245324812165,2.6290352011202502
0.20769977478808668,-0.7168598120677299,-0.9278186330016216,-0.5172039203924433,0.3470558563245545,0.9565360918909569,2.1479347692918216
-1.0,-1.0,-1.0,-1.0,-0.9690852693500456,1.0,2.123645732575084
1.0,0.10269135034707505,-0.839345869576108,-0.5002440409140547,-0.1988322071086348,-1.0,3.401551644542894
-1.0,-0.5558536709930273,-1.0,0.07676927439619774,1.0,0.661884774962797,1.4187514569708748
1.0,0.6245634579654273,0.5868071538632175,0.9065280077265019,0.7386350342545409,0.5396838390374024,-3.376826783073693
1.0,1.0,0.0602532448417501,0.2759435875397336,-0.44669938240203777,-1.0,5.40528510982051
-1.0,-1.0,-0.8654856787429986,0.7208675566441325,0.13447371983215461,1.0,3.0934254806037043
-0.10731210418182491,-1.0,-1.0,-0.8065962353229823,0.39664058309555195,1.0,-0.13813553555163266
1.0,0.3162297872671378,1.0,1.0,0.8104771229517775,0.5888416464694943,-6.020204512323806
-1.0,-1.0,-1.0,-0.17127059514087445,-0.9928030022432722,0.49268568829004655,-5.050001264036285
-0.5062273922471093,-0.6997024514657162,-0.5553673332662761,-0.01115517257877996,0.07802181365926975,-0.5636172564495764,0.5183318030659709
1.0,0.12765787627990832,1.0,1.0,1.0,1.0,-7.236340234716173
-0.0757411352234767,-0.9432413664645491,-0.4310256120497975,0.3729674834881976,1.0,1.0,3.2687608382960374
-0.9242584474910127,-0.8823702934447917,-0.5816410046436395,-1.0,0.7593766075694552,1.0,1.2278741685753736
0.32992396803614366,0.5653554282882036,-0.3372537461173659,1.0,-1.0,-1.0,4.565837765616585
-1.0,-1.0,-1.0,0.5450605752810724,0.38209682298778835,0.22901044691335204,-4.764376227893258
1.0,-0.6576249736927152,0.7835047143823677,0.2771345812041291,0.2168883735748477,0.9059628997695601,-0.7740403717747868
-1.0,-1.0,0.7736193848348069,-1.0,-0.878638027789683,0.28566942570039977,0.09949777645080024
-0.06108376342305166,-1.0,0.6566763195895244,-1.0,-1.0,-0.5237782620137075,9.118814625057228
-0.7142421341373113,-0.8350038105926532,1.0,-0.30421448123955785,1.0,1.0,-0.308744422409844
-0.9164066811845557,-0.23842101589551667,-0.4662136644856265,-0.9313230063868063,0.281021109245022,1.0,2.910531962321555
-0.40983510969354664,0.43069791203038554,1.0,-0.5309815925866046,0.43204232153520317,1.0,-1.0727667111206132
-0.14185927554071853,-1.0,-1.0,-0.24406816282599414,-0.8099344250272718,0.19040372558850036,-2.606305460919716
-0.36147597534666565,-1.0,-0.7712779647276936,-1.0,-1.0,-1.0,5.3844829151656395
-1.0,-1.0,-0.4769620650853036,-0.7471563829457022,0.17752391435760306,0.3714070783326771,-3.5189452265804615
1.0,1.0,0.4157452805157135,0.017494254545942056,0.007325474458207637,-0.1315200066686073,-1.4018175598740006
0.21456739203831132,-1.0,-0.2952755287047736,0.1895675090498416,-0.07322795435012819,0.05070412953076431,-0.6346034088308389
0.962544244013207,1.0,1.0,1.0,-0.7289400651626752,1.0,-0.32346533013083895
0.30043060298228563,0.7657293753080654,-1.0,-0.7564343524726174,-0.37720510701925813,-0.49248346472577176,-0.1845287413273625
1.0,-0.09977268779184434,-0.4073178457591548,-0.1526607488084708,-0.11946177041623075,1.0,2.7299855997073452
0.7878238469837324,0.24203412118946965,0.960983408755651,-0.5676209118768809,-1.0,-0.8702106234113627,4.951008984013058
1.0,0.013873152001207867,0.6588619655056197,1.0,0.3591968542080505,-1.0,2.6687037317365117
-0.22788272107562837,-0.44716690175189644,0.85327369561268,-0.49903171137994684,0.5563341370796943,-1.0,3.857117136340647
1.0,0.4777785483464918,0.5040161271471201,0.5151234219894083,-0.19594709977310995,-0.14368717015976185,1.1866871486585795
-0.8989428097961073,-1.0,-0.3577761822287326,-1.0,-0.7778105264795132,-0.07705504886186798,0.877685669837788
0.3152121956908197,-1.0,-1.0,0.5382705148185103,0.02230122327709161,0.6415160022547758,-0.05698515729638473
-0.9753980011565909,-0.9478256185561397,-1.0,-1.0,-1.0,-1.0,4.32500023376017
0.54323129311878,1.0,-0.7662002154729777,-1.0,-0.38191062243322893,-0.4376688893272432,1.5815945472634063
0.9827741651567783,0.7702223901410591,0.4906934695925619,1.0,0.5021850206928484,-0.3253485618923424,-0.6345375776245747
0.9493481145149476,0.308155838260449,1.0,0.14993235753381023,-0.8866295652247127,0.7838890460857946,2.966201308373523
-0.47258103677377533,0.5157449561418697,-0.4543036580860041,0.6485463035353052,-1.0,-0.7413206070837594,-0.6154726915444753
0.8140826517011298,1.0,1.0,0.2175343129042493,-1.0,-0.6430991946846885,0.6696722421712371
-0.4213920430144217,0.2604859093456193,-1.0,-1.0,0.12578748370143783,-0.9278511559735655,2.014767976119148
-1.0,0.12992757666975369,-0.3750105985183221,-0.643590385208995,-1.0,-0.572659704017528,-1.6226666193822021
-0.19266253212713313,-1.0,-0.42039714641223047,-1.0,-0.2173528898196233,0.4758680070171701,-1.2910903521936063
0.68216310602409,-1.0,-0.9739595024395648,-0.7814587921999823,-1.0,-0.22408884857721723,6.217947068591086
-0.9896450229959497,0.6947359405249024,-0.2708876210793645,1.0,-1.0,-0.668650870568559,0.21423333614307263
0.3874002798499255,0.11539896283739226,-0.48044375855912286,-0.6891531251810081,-0.6418318965363261,-1.0,2.8430216727296034
-0.10104578661188324,-0.28690511548430697,-1.0,-1.0,1.0,0.8953026297335058,4.338424420574832
-0.4921244037720631,-1.0,-1.0,-0.4615789363183418,1.0,0.6295736046307554,-2.831562608064506
-0.5277050137411139,0.9827247643116239,0.1845689896937771,0.44521821529758143,-0.07338027827747706,-0.1399268642057307,-0.8857875594920264
1.0,1.0,1.0,1.0,1.0,-1.0,-6.3028986969368415
0.5281929412732845,0.11729099665392195,1.0,1.0,-0.16694202103516365,-0.09588297513273,-0.9728630118199173
0.7921931084570539,-1.0,0.6486058734886411,-1.0,0.18714874105314427,-1.0,9.87709438823132
-0.2449733514910697,-0.48360399157380596,-1.0,-0.11524965800747805,-0.35526825009609164,0.3712675058659852,0.290032619401469
-1.0,-1.0,0.07983915040446354,-0.4621346554380575,-1.0,-1.0,2.130881669680803
1.0,0.4774569215714737,0.3429101506658808,0.11608405629592738,0.7301897768846534,-1.0,1.9901570444368069
0.7827786017856669,0.7984249548957301,-0.5674988640371328,0.14470811396190214,-0.6921878556717616,-0.1745097272666385,2.2035238630023506
0.08074280584590626,-0.19730562280676667,-0.20950938358843618,0.8240815857826346,0.08102321480230135,1.0,2.689578936701526
-1.0,-1.0,0.9913163888183478,-0.8047913335025572,-0.020284741735247747,0.13468744381029873,-0.004901359829413865
1.0,0.17631177268224185,0.17630781369890267,1.0,-0.405501451096216,-0.3061755630555437,1.2275532749377156
0.9392552945808668,0.03126011454821703,0.8706013758319253,-0.011441293006677455,-0.43694861210237873,-0.3565241063727988,3.3146818759927124
-0.6243087297861774,-0.7538359462036875,0.6880651097870429,-0.23025338543069923,1.0,0.011012851625780584,1.5916589159689798
-0.6735500688372261,-0.1544378042528336,0.733522256283693,0.6171446554352339,-0.19757857106334997,-0.2630153688958523,-0.0010277029148746675
1.0,-0.5260130842171664,-0.10885687914435732,1.0,-1.0,-0.47722197948316203,5.110469423414511
-0.6957888602789759,-0.1909133107894374,-0.05042416604389932,-1.0,-0.18852851796618442,-1.0,2.5068741709121856
0.5553320392606106,1.0,0.7014498056391141,0.14839059621185396,-0.3846489768462754,0.8375765071571515,-0.020786788610699047
-1.0,-1.0,-0.9596115452968165,-0.650773842174222,-0.8349616114880989,-1.0,2.4719927051663793
0.49559398346763883,1.0,0.20944747076253067,1.0,-1.0,1.0,5.772874574074912
0.3394748580816179,-0.5143439916764107,-0.2878264388006,-0.8755096504830129,-1.0,-0.8310766738259311,4.155084176714058
-1.0,0.9013673548026881,0.6341497631595827,0.253601396373314,0.2710543862467065,-0.15147474448067566,-0.22263999100564702
-0.35662213148865685,-1.0,0.04540839740973973,0.25080615542662,-0.6048844702801045,-0.8427221336397448,2.458426279108602
0.28555372180245775,0.2759807876122502,1.0,0.2333513936731879,0.7318643819390275,1.0,-2.542353685034303
0.43934256189382337,1.0,0.12695259838370698,1.0,-0.13417680589675923,0.09035163755184611,0.7215179628981996
0.9069708066436998,0.7717956956496528,-0.06781159405054477,1.0,-0.7194577395656266,-1.0,8.871542930138245
-1.0,-0.3814549743953648,0.5508923525187805,-1.0,0.005776706509271534,-1.0,4.144507327217778
-1.0,-0.0654951407542107,-0.9120191124111812,-1.0,0.08813133089282554,-0.04955222359853212,-1.6506556906684937
-0.46951349698188494,-0.8887351322767192,-0.33927423318662964,-0.23057784607834517,-0.4878637358976474,-0.8718577182770268,2.0499640031756527
-1.0,-0.2956474227393109,-0.4348898053744952,0.09997015932603137,1.0,-0.47769173441413054,2.5700923534438194
0.9181822537906246,0.35138903083284223,1.0,0.3149358719883799,-0.9971151487474497,-0.5594673617044147,4.794217141739738
0.5765389898340414,0.9979031240632198,-0.8644518631842892,-0.24824755254331957,0.2843369408371598,-1.0,1.2877899550904646
1.0,1.0,0.009678539768128047,0.8362760255784254,0.8856087872181969,0.7765695723790861,-0.31509875770462215
-0.6188519181445156,-0.5084483464729775,0.48160252025430894,-1.0,0.279648467343647,1.0,-1.1580058934038377
1.0,1.0,0.2354456613142204,1.0,-1.0,-0.4552880188973031,7.496943037349961
-0.003885788438356186,-0.41671498692271014,-0.6683768518091673,0.58020624809606,-0.21277027494566425,-0.8983323568129757,1.1040191501407055
-0.05255820567238795,-1.0,-0.10117483732410681,-1.0,0.310287675250998,0.7162376801202561,-1.4166754442112548
-1.0,0.11321671787098586,1.0,0.0730238763181904,-0.0006953164232544329,1.0,-2.3743951785978425
-0.314678200691621,-1.0,-1.0,-0.6031411620905136,-0.5728883345387712,-0.46515194225113404,-1.971422406037167
0.017707319511120367,0.6688301720301972,0.19275332394733058,0.14800621458827917,0.4501111149424435,0.966314450556034,3.1264340186206776
0.3846448274930603,1.0,1.0,0.5034743588900894,-0.028012996708944637,-0.02809659227475403,-3.2267757926192213
-1.0,-0.30956104161056297,-0.6824575989359407,-1.0,0.3853636943458583,0.4108788168472768,-0.23629311846438167
0.2120836013435593,0.538169221685076,-0.6866918413308994,0.18197711878713135,0.4961814352001672,1.0,5.494768087811286
-0.7072218914656871,-0.43008337971431376,-1.0,-0.15286836809931925,-0.06143877590476471,-0.09538216475951627,-1.0542189911288238
-1.0,-0.30372460674914037,-0.20314129409187398,-1.0,0.35786734533765374,-0.37585645614174,1.9244203863217424
-0.01231630680305134,-0.2650179164514718,0.4749036746787134,-0.03704511661225296,0.11879332923599772,-0.3752169066504164,0.3535894222594394
-0.23962839799373414,-1.0,-0.02792097639115987,-1.0,-0.8056567216056096,-0.8837392124969246,6.865787086695064
-0.10289140149799914,-0.6864324518813325,-0.5560985845484054,-1.0,1.0,-0.6465305872653375,2.3730588828761165
-0.6734854953701142,0.13085960465862612,0.1766760877472307,-1.0,-0.0789104247774336,-0.14742657162191608,-0.20009596220123613
-0.5506616898429304,-0.5646367359707984,0.9546129406813091,1.0,-0.13975956294458136,0.31987802116633657,-0.9874565809534313
0.1957168748977893,1.0,0.2113515739113359,0.7548738626681841,-0.28815812125257345,-1.0,3.7155614686292475
-0.04171657396000672,-0.7350974787460383,-0.32874830638310615,-0.3470314360913058,0.9158496912058728,1.0,2.9254399662059623
0.6907716184764501,1.0,1.0,0.07628345025300254,1.0,-1.0,-4.571658262326201
0.4166223697910201,1.0,0.4867071983180422,0.03287123147545801,0.5315173381116153,0.4328116367168162,-0.6346800513408113
-0.4474587513840005,-0.8674975574279425,1.0,0.830526405631882,0.523180156737663,0.7963517600996071,0.4799955485854368
-1.0,-0.9306228335343179,0.770283873818556,-0.6610142434518791,-1.0,0.15919696044390813,-1.2684421968057737
-0.2729108072643399,0.9299260860237816,-0.8797617508319816,1.0,-0.791926346278428,-0.038072890533643405,1.8939603540792862
0.0038830057530304662,0.0364691692677111,0.9896776657058419,1.0,-1.0,-1.0,1.5532625902546906
0.5517578198675259,-0.482346637382144,0.3738928048666542,1.0,0.3911394863203927,-0.3497987982696781,-0.09406568160061639
1.0,-1.0,-1.0,0.2714798218876,-0.6372141165849206,-1.0,4.36825882596322
0.29072921706874083,-0.4346668323800698,-0.792312833903031,-1.0,0.8758189423506275,1.0,1.535405914030758
1.0,1.0,0.692556147776901,0.3404349331292612,-0.7421156106091567,-0.2723846990156452,1.3412866039452735
1.0,1.0,0.24514878731665712,1.0,-0.8858574419975968,-0.025707032072140257,4.829639241467317
1.0,1.0,0.661944004180891,-0.5567431233631931,-0.6631397306740666,0.2921309071603774,0.5343737610051531
0.08275539464373072,0.2191407129430687,1.0,0.42265564881856976,0.34054718858939664,-0.5674887912762852,0.09487400906630139
-0.6426428750901183,-1.0,0.8425710148574592,0.8683964612400196,0.553638182904018,0.022946461601542012,1.0697018100868327
-0.28380830140693947,0.6804581468484338,0.6820877255179133,0.5505740357272685,-1.0,-1.0,0.32135130088205666
1.0,1.0,0.07865159784381032,1.0,1.0,1.0,-0.005455147265060467
0.2964697337150946,0.4964942591776087,1.0,0.5580671543955489,-0.08077072540442759,0.7520154021874277,-2.1278622879234836
1.0,0.7129351014944532,0.3783417545357479,1.0,-1.0,-1.0,9.936016399237902
0.8482871939562365,1.0,-0.1488849744489219,-0.2258756914714941,-0.3267785782070447,-0.37975995567930676,2.2906396273025624
0.7527249763897125,0.7102740255192146,0.5528957604747253,0.9368899046051036,0.02052879302852395,-0.12510332316641115,-0.5040783970693249
-0.6537953420654404,-1.0,-1.0,0.33408209718084425,-1.0,-1.0,-1.5594982885606985
1.0,1.0,0.9722748592956922,0.05458094785127221,-0.8603682022907057,0.2697564612813168,0.8725215255095048
1.0,-0.06302298830092112,0.819007402270112,0.09973664270045868,-0.14508754686781405,-0.03886163427550576,1.352235429420972
0.2936802643178318,0.8418232706629736,0.23169326237576016,0.7013207678711286,-0.3065570251804841,-0.00013210005100150468,-0.29603279764960133
-1.0,0.6104338881211292,0.5825687621247926,0.15350341807469664,-1.0,0.822552324128331,-3.6280674460443167
-0.41104829495808026,-0.15326904665311036,-1.0,-1.0,-1.0,-0.5178958816994678,-0.20250976508789525
-0.7550749042050809,0.25475605172801763,-0.30005890984687983,0.23169046670479004,0.493067015623327,-0.6935960549146278,1.6372049419252055
-0.2924019299549324,-0.7244274455208473,0.5798138417054071,0.6320470498325181,-0.06810627924301416,-1.0,2.5718922436159506
-1.0,-0.287138415434687,-0.2847759604717701,-0.9813970945205552,1.0,0.9856328141145645,5.329337251813757
0.591040415420391,-0.13054152752770432,0.07041290199875089,0.31679523790172587,0.48322797013923835,0.6533213402625633,0.1845143064705372
0.5645788986898387,0.42084548636620006,-1.0,-0.17765866508878894,0.0004494693708745334,1.0,5.649954605765431
-0.14182092757155174,-0.03105426678744072,-0.06407569717353268,0.1507433403657219,-0.35434157257714116,0.3277261871060595,-1.0587197368345982
-1.0,0.05416683987562468,-1.0,0.738289839707598,0.3301437107268367,0.002852794407730468,-1.706149954207798
1.0,1.0,0.34980198061434464,0.5199649127365178,0.2781084034101081,0.8635181990139329,-0.8745086355418745
1.0,1.0,0.5317498966379648,0.9494460610093589,1.0,-0.7298220080246549,-2.1703924395457306
0.25280718980335704,-0.88306784764535,-1.0,-0.46411630377870594,-0.07838613435771746,-1.0,3.451451498834083
0.5480693985415239,0.10088280375400083,-1.0,-0.9650305213341386,-1.0,0.3374921253054786,2.556481508307133
0.9028112042916561,-0.1541629808757683,-0.4094163210614872,0.09823438310572896,-0.10086810695117682,-0.5526644452297906,1.7950360133141081
-0.8690085421385744,-1.0,-1.0,-0.2893592355084955,-0.7542462098436056,-0.9406471849001978,0.48725557056004454
0.7974431407404681,0.2742152367325409,1.0,-0.19412727372349142,-1.0,0.2091923237712179,1.8480719744308858
-0.8832052512643055,-0.5959615215164726,-1.0,-0.49853050048803216,1.0,-0.7087592886851921,1.123288231139927
1.0,0.9677649407594181,0.1773939337214005,1.0,0.8269554564080143,1.0,0.5027248856419635
-0.7282311290905851,0.10217771046021507,1.0,-0.4631004465392933,-1.0,-1.0,-1.5929245488115586
-0.7060520029944002,0.7634202004788362,0.14512825026151682,0.3313832109048749,-1.0,-0.5651994165010772,-1.743048647030946
0.4072926095599022,-0.7488766776429359,-0.7347816305247455,-0.11064812198448504,-1.0,-0.5383427204988327,2.3933113288361287
1.0,0.7265018646442434,-0.5906326032683273,0.06976560353668837,-0.5132691005078015,0.1097000558016196,2.989785833373068
1.0,0.2568710783493271,0.12317317575339981,0.4913418432232002,0.07525557767571223,0.8798606547753643,1.0340783037783865
1.0,0.44938401159703023,-0.04938077146404585,0.4923223313389503,1.0,0.20288154730114982,-2.6800342495270915
-0.9764776586156205,-1.0,-1.0,0.3023823540561971,0.7004990994028152,-0.2998094732342005,-4.333609413935811
-1.0,-1.0,-0.9493522202767672,-1.0,-0.29877911211506425,0.8407829724098291,-3.805208390798433
-0.1697598134751811,-0.4352355999604808,-0.38585971187818513,-0.20444975894150674,-1.0,-1.0,0.7320340999571726
-0.5163646336366006,-1.0,1.0,-0.5614090745984345,-0.2535557873319909,-1.0,5.155350707255188
-0.10390241337102235,0.6065912777510902,0.554617995567019,-0.01426509491507884,-1.0,-1.0,-0.14790866616307585
-0.04525283156324367,-0.15475254223082868,-1.0,-0.6796264730549948,-1.0,-0.6721111545093729,-0.260871171894645
-1.0,-0.6510761818041861,0.5568942215093984,-0.5976484669766936,1.0,0.8187152832644213,0.6707022166899719
0.5314548968664763,-0.6412048217899325,-0.7579576976360414,-0.11975042441862027,0.6314941436109527,0.656903354269454,-0.21915385087188097
-0.10800708579949525,-0.7124788763302237,-0.9465549115434164,-0.9750159824110404,0.9867557739758628,1.0,2.904373777481381
-1.0,-1.0,-0.3422246443084344,-1.0,-1.0,0.22905192672959754,1.6814829009884467
-0.32094178293698983,-0.8942171638700749,0.258131298715189,-0.23466971951461213,-1.0,-1.0,4.41224918119901
0.12575039456040793,-0.0426612375461114,1.0,0.5862289263689222,-0.8807453143081412,-1.0,0.8855572899840236
-1.0,-0.5160432379379012,-0.7596051742304568,-0.7286559261125323,-0.027294985970663488,-0.27447147706328706,0.058119827059852414
0.2302637909968539,0.4163078836390044,0.6264011447067641,1.0,0.32118306910784944,-0.3583266581167881,-1.1534062861495185
-0.2627128286423237,0.6026394885270847,-0.5150301020200092,-1.0,-0.41986748697931997,-1.0,-0.04446199171513181
0.7028391369441243,0.970495023598182,0.37125850507917985,-1.0,-0.6038653758423942,-1.0,4.082447361340604
-0.9440304516954283,-1.0,-0.8194300538484607,-0.2571328920898053,0.03609018490275165,-1.0,2.8226476503270046
-1.0,-0.6871165716528163,0.48813521298217555,0.8037012775506585,0.24602099280471207,-0.2637985930161305,1.4614812225713756
1.0,-0.06702970173110256,0.941380773476197,0.7267417657754817,0.6535881214681419,1.0,-3.752621397858501
0.35364098057117266,0.8308385588712999,0.37052235099105957,0.051683038334967124,-0.2482950045831419,0.38588545549858577,-0.5337495788224293
-1.0,-0.28229481997170947,0.17851638409067605,-0.8918848615298993,-0.9529169369347648,-0.4365580942184111,-1.0845275338411382
-1.0,-1.0,0.38589908656378513,-1.0,1.0,1.0,2.154476034399565
-1.0,-0.5786056149040459,-1.0,-1.0,0.6673670852041435,-1.0,6.6296310643656415
0.045177577620507225,-0.014803447204916553,0.6031554516302808,0.14578082431718065,-0.5005423276859299,-0.049508207513284566,-0.1825187978309758
-0.4566935836477488,-1.0,-0.2050687128625166,-1.0,-0.4773337243817124,-1.0,5.299964492070432
0.23197422631968934,1.0,1.0,0.8433982920278613,-1.0,-0.05211554925033823,-0.8997704909672344
1.0,0.612679165463518,0.37505474861270294,-0.5106609653926122,-0.4707309163332639,0.1069081884943216,0.6346711329008571
0.2321304785325482,0.8419899975681235,1.0,0.6714181964354824,-0.407367729616136,-0.9423037093336603,1.283479393031683
-0.20092454661990844,0.5818185982497942,0.026757460617886225,-0.8734103664313356,0.19699051356256675,-1.0,1.97781445366145
-0.4452150868869802,0.08044811977844102,-1.0,-0.13656443020858738,1.0,0.06805889751405259,-0.33394658196037175
-0.40513700529419094,-0.8085267170125003,-0.014370866503913393,-0.8580806036875975,-1.0,-0.5223731211581228,3.9320808440983592
0.9272906077300327,1.0,1.0,0.5615564898601912,1.0,0.28611394033208915,-7.1460662068255685
0.44603803613926396,0.5622965276062504,1.0,1.0,-1.0,-1.0,3.9607212786492183
0.12499441848382649,-1.0,-0.11853097301672767,0.3827707245560671,0.39688086286991126,-1.0,1.4373751257384706
0.2229361584412849,0.7256659565155882,-1.0,-0.46117883122062087,0.3934166861442081,0.946092309655543,7.979732814942976
-0.4093485507911715,1.0,1.0,0.31209416742590546,-0.06753732979579774,0.6779766082743289,-3.2134261983670362
-1.0,-0.7240994487690873,-1.0,-0.5025203495826212,-0.2005940339453568,0.3937312558772825,-2.5405905101810333
-0.7353350975269977,-0.9622282806464658,-0.6452541567072488,-0.8459300977416309,-0.39264266748125787,0.9985645325669312,-0.8705344347581595
-0.7555408578775207,-0.9515101311728236,-0.28618074455707043,-1.0,0.12419029008855564,-0.1719694380134975,-0.6473343560028972
-1.0,-0.14266584788540315,-0.8882515763994734,-0.19723057781031805,-0.2629325660933805,1.0,6.255818888183736
0.19904757289724842,-0.8685606789484338,-0.7351424490139781,-0.29571859735448514,-0.3640147609090671,-1.0,2.8303816207473917
-0.8739435060947064,0.3003068838832681,0.48303638910190383,0.39759649086268334,1.0,-0.4402707904458826,2.156118269057846
0.4714191944220617,-0.822031352844315,-1.0,-0.2702954639349388,-0.14343863039677077,0.6013593570559179,0.9833510391855921
-1.0,0.05172412667972753,-0.7621137662448996,-1.0,-1.0,-0.4520038477687369,-0.9801094161092047
0.7494107643659631,-0.7550883325336488,-0.5748059532091662,0.854292533096945,0.0809714891726625,0.529314636888581,1.0012544709103333
0.18510873935234173,-0.48084105907912167,-0.5530288229060432,-1.0,-0.7454134206507697,0.5276096131264604,2.5438927869426844
0.18232282413361323,0.47603319953090284,-0.9412392095580605,0.27269736272111655,-1.0,-0.93082152810813,1.0826682730811197
-0.514968335386798,-0.08511143286243872,0.17569599133281716,0.8415311584938454,0.38667591958712877,-1.0,2.5585940418237563
-0.7589208448158713,0.7707404142132277,1.0,-0.28318711495935106,0.11226676675721581,-1.0,1.0574727427222486
-1.0,-0.9046161108121143,-0.19493586847083472,0.338910948772737,0.7790304001863597,0.572223177741848,1.9264053480459784
-0.5829326311018301,-1.0,-1.0,-0.49312277875936195,0.8197910417491103,1.0,2.4289209503633917
-1.0,-0.8163921327011379,0.046655578111977514,-1.0,1.0,1.0,3.2767264121094755
-1.0,0.548750863828047,-0.8829947823217135,0.5185674387206407,0.5602619197750458,-1.0,6.071314137880888
0.05717792894856055,0.9952590835403439,1.0,0.9858854641705018,-1.0,-0.4989415675192357,1.0727349095887853
0.6090275789686336,0.049000767304420156,1.0,1.0,-0.9265638924688998,0.09037773515073454,2.2561917729926932
0.12596521179617448,0.94675714928308,0.628152392546824,1.0,-1.0,-1.0,4.520144699605848
-0.11691774338177408,1.0,0.05915521259859413,0.4045969308764221,-0.6890730159950925,0.7358271386193913,1.4929280421167133
-0.40119282597115835,0.6055772986438679,0.23609134132799192,-0.039064257291457294,0.10684335673263057,1.0,2.5632710054825663
-0.1189995933638277,-0.24582591607879706,-0.3217362044391364,-1.0,-0.7559495808737289,0.5883342301560669,3.123427147089351
0.10756638916771966,0.9603078098860134,1.0,0.010683703910344677,-0.7183063295941556,-0.29972524611285534,-1.8839568530778183
1.0,-0.20070187151755203,-0.7133126142670629,1.0,0.4609563023456188,0.35563750222205515,-0.6267691481871377
-1.0,-0.39384412025462323,-0.8672613325614413,-0.4142927283328058,-1.0,-1.0,0.7510008701290445
-1.0,-0.04113797918083126,0.27779977504540593,-0.4509927075514232,-0.26149665860342064,-0.10873345304296378,-1.2760229643671708
0.2119225078068147,0.4580688309253065,0.3798402582514251,-0.5689848518733871,-0.6417101974473506,-0.20833300680867228,0.42867499810956344
-0.737459747292712,-0.620188739795503,-0.21274752913690048,1.0,-1.0,-1.0,0.13211051740284002
0.6517940752830198,1.0,1.0,1.0,0.4001586498521855,1.0,-7.014577598455328
-0.817690872371666,-0.11958136010397635,-1.0,0.10434859417323838,0.6809223555346797,1.0,8.52808492493179
-0.035540579995003985,-0.19353700760753123,1.0,0.7883876578532796,1.0,0.7649545332374719,-1.3624171306606434
-1.0,-1.0,-0.045832386197479424,0.0461693396909999,-0.5032615709519901,-1.0,2.4129539877914157
0.1906832555185869,1.0,-0.1521016156720062,0.09573443368592127,0.25702511054016386,-0.24399299846153877,-0.7470161716091921
0.12772164996795515,0.8960125213453776,-0.1410125611718706,-0.3054744976430866,0.5327659192538043,-0.6973698388863278,0.2571683972533841
1.0,0.2390477865452496,0.24753177848227614,1.0,1.0,0.14420330199081308,-2.343431348890751
1.0,-0.11048137003531511,-0.4260033634163506,-0.25186238356978874,-1.0,-0.3669128382734195,3.987395068914825
0.1103246766717117,0.8587635036243589,1.0,0.937431693878491,-0.8822942731991263,-0.9314784677361239,2.129250392368383
0.8476464527513858,0.5116385672468394,0.6067940260816613,0.48565777197116133,-0.6228714601103259,0.030084993918446212,2.257582651395071
-1.0,-1.0,-0.6909495668529995,-0.5986110381572756,0.3715622348094489,0.4161767241353854,-3.180773883668614
1.0,1.0,0.4238453584993578,0.7335741379362012,-0.11267409720590854,-0.9275812664211347,5.188161480652197
0.20536979071670214,0.2712668008122932,-0.37593250649926824,-0.8256852084179058,0.19149655641903543,1.0,3.9833306535610467
0.24092213334447432,1.0,0.6882507895618354,0.8889007124645965,-0.48028423907551415,-0.34614644447873655,0.7832373137573111
0.9851884331930589,0.10482262131488873,-0.13985364973938674,1.0,1.0,-0.16175936127589127,-2.1549888946858538
1.0,1.0,0.29435854189688615,0.058113675968109124,0.7673584193692493,0.6726046462639579,-0.8222376407127533
-0.742573212550716,-0.12295447341432088,-0.33686661480772984,-0.4990936523290665,0.14792062819633633,1.0,4.053595144266094
-0.014519699785118911,0.10548141946494691,-0.23136331657843456,0.5838324832786232,-0.03595846237367095,0.9499453257537818,2.301913786072437
-1.0,-0.8210447058195567,-1.0,-1.0,-1.0,-1.0,4.802505247678725
-0.31803148052261676,0.004685942267568133,-0.7463842420000015,0.20950070380551006,-0.8881529002296117,-1.0,1.43576539493383
0.020669862638570125,-0.90750976420093,0.27023794799033535,0.3272829586082177,-1.0,-0.8524373192777404,3.5014750580789
1.0,0.8355067853415832,1.0,0.354684425401522,0.0933945839410133,0.01641532351016206,-1.3267815103475924
1.0,0.3128603832866169,0.8242730603098625,1.0,-0.12308971149127274,-0.47437119645065684,2.1886537740929706
1.0,0.1310238128579586,0.311690938177805,1.0,0.39921703506893835,-0.20329157576213852,-1.1794645563414154
-0.7003712386671883,-1.0,-0.6138092507909889,0.16682797405971458,-0.14799623987253868,0.17593861155730772,-2.041034963967535
0.30827804938241743,-0.7043340990678986,0.005816928063736931,0.11252003480955247,-0.4763803025419484,-0.38453579172050145,0.9759032505087486
-0.9744157955251815,-1.0,0.06537718772008405,0.00697526912205948,-0.8380185660217037,-1.0,1.189301325629501
0.36911807657086726,0.13868064009075942,1.0,1.0,1.0,0.5782546298966219,-3.781737159826485
-0.031030616093446484,-0.5333046043311689,0.018511299465362674,-1.0,0.19937580778249675,1.0,0.5254543857279279
0.2162827469021752,-0.2742848510413748,1.0,-0.4939697079685191,0.023224591188250043,1.0,-1.5677007675293626
-1.0,-1.0,-0.35652326976331955,-1.0,-0.3614249285489374,1.0,-2.6862356921795443
-1.0,-0.8357947964459949,-0.7011589924482151,-1.0,0.8466258957652885,-0.1111851734579089,-1.8538324455908708
-1.0,-0.02719277230160211,-1.0,-0.3050468850689272,-0.7029080766517292,0.168307816775944,-2.597949196809398
-1.0,-1.0,-0.09381113578053837,-0.8670482565149604,0.003785133926438533,-0.5726556668036071,1.7698257973432057
-0.7302326116061288,-0.03783519316134809,0.8515481758187502,0.768533146076336,-1.0,-0.4314288284810207,-1.2941378319964316
-1.0,-1.0,-1.0,-1.0,-0.5105735080215834,-0.05486036310001802,-6.124856424382541
-0.014105307040160442,-1.0,-1.0,-0.12806206079336868,1.0,1.0,2.6752837067144792
-1.0,-1.0,-0.17863327114633198,-0.7083160318245665,-0.1371338141017825,1.0,-1.9478138010508637
-0.13236764412634716,-1.0,0.02882484379699557,-0.5613873588403219,-1.0,-0.3017080928839546,3.6650500813064246
0.7570009205651302,1.0,1.0,0.31474471718743624,-0.3497448634261018,1.0,-1.6076273401174759
1.0,0.695462604597672,0.0790971666041379,1.0,1.0,-0.2554755346258697,-1.4529654826133616
0.5753627276967384,-0.6743412107436836,0.36735888616245815,0.1059559344797465,-0.578616721864432,-1.0,6.570448283044755
-0.9441494115098032,-1.0,-0.7433425212770179,-0.590369849533994,0.6682804345787494,1.0,0.7783825788553673
-1.0,-0.7191157953573077,-1.0,-0.2301099537170077,0.9771705658461212,1.0,5.035185616670229
0.6042319016901005,-0.06313676074443975,0.16117249387294685,0.2873503272280673,1.0,0.40079474912698276,-1.1498196989874168
-0.49027354864787315,1.0,-0.3192335556332879,1.0,-0.12385829555617896,1.0,1.3771048398783279
1.0,1.0,1.0,0.42368670705227185,-0.00793430167233422,0.11264638096648494,-1.7611616067639524
0.43453887750359155,0.7388701984281254,0.7304134468395523,0.7001102166785483,0.9197995911559964,1.0,-0.5264446718846041
-0.7629896995005263,-0.1564806339462716,-0.7845401887116252,1.0,1.0,-0.022696626949131257,0.3428168302483915
0.005157876796982763,0.9743466531594034,-0.19959304583244175,0.9269487710212951,0.5380453910652716,-1.0,1.863674016292604
0.02580438228944465,-0.5457357533016152,0.8308203058554766,0.970800818404415,-0.5220699975744563,-0.7576174963971871,0.9780826621768745
0.2884892741907379,0.5801440801692773,-0.019505094661107752,0.37579634025549696,-0.1268240864763246,0.4974594128279149,0.8773349389135331
-0.6391694874224518,0.2117252233102338,-1.0,1.0,0.7466151593916636,0.5616027646097991,1.5660776182491745
-0.0028181031063085338,-0.35380701391993963,0.837299569349274,0.4404825227608823,1.0,0.20066348583339322,-0.7615954962930352
-0.09125203830764211,-1.0,-0.5769373692963407,1.0,0.9670869022097924,-0.5227341762423072,-3.6972921860424197
0.9716304687794792,1.0,1.0,1.0,-0.32079614267108203,1.0,-2.314870407210549
1.0,1.0,-0.08574507583686986,0.3700475337583341,0.3476996337852343,0.45725056990287116,-1.0868606492087063
0.18397862442955637,0.06560309435836587,0.6181645736531921,0.5370250208840327,0.7150686846463505,0.8696065930688333,0.17243722191085137
0.10757685186734382,-0.70996062151784,0.07137914252840127,-0.8611926500385074,0.2654875426962316,-0.4967540259537202,1.3788270751459897
0.17885421873311882,-1.0,-0.5566831782550308,0.05955706410216144,-0.0497259449339158,0.5362545839485512,-0.6347093832235451
0.19886591113124752,-0.556757701048811,-1.0,-0.7241119741041113,0.4309164178730889,1.0,3.4181244595013656
0.10949971763191146,0.798995547663842,1.0,0.577476982726312,-0.477130565155902,-1.0,1.778955509950686
1.0,-1.0,0.9820858015267325,0.6503074798964923,0.6081783386891408,0.5381794490218337,-1.4710836729935763
1.0,0.1575475094703267,1.0,0.25234107596026584,0.7298277947145264,-1.0,-0.470824044203337
0.6224854393664189,0.760845639105661,-1.0,1.0,0.8715611366273406,0.21905890582008558,-2.933268632539739
1.0,0.993646076474777,0.8776427122607435,0.3002107900865949,-1.0,0.36111127414000643,1.7201401989654321
0.5062882952625974,0.1905189584896218,1.0,-0.6573692074044749,-1.0,-0.7051322177408896,2.0489993625376384
0.3529002108356436,1.0,0.36603901143753464,0.6840515828725564,-0.35153356452271,-0.25728935716812384,-0.06883297555753143
1.0,0.3495514603169205,1.0,0.6781394530682617,0.6227523476294261,0.3678568211159716,-4.113605907574628
0.5630824166935313,-0.1399063294744654,-1.0,0.09072439198667726,0.2463620291806537,0.38627980508389514,0.8177997208179122
0.4024689311069518,-0.4457004477430102,0.8757653410272024,-0.4367585739175399,-1.0,-1.0,4.5656135621328255
0.4205730547637907,1.0,1.0,0.6849093524875198,1.0,0.8455850064031902,-5.7800517335330115
-0.7007339898773894,0.019607129810620794,-0.7610206121552567,-1.0,-0.6411916893348995,0.14648622522462973,-1.6501557490306404
0.17870261073002836,1.0,0.7459688063527774,0.7189799930738999,0.050990634663540035,-0.014792794253748909,-1.8016994316541421
1.0,1.0,0.5626569112848587,0.1724880916233561,-1.0,0.27381651753638625,1.1966816964787816
0.12882651226283404,1.0,0.2653504632188144,0.42499456685610015,0.516816837808691,0.7688960594726495,1.2034452022461268
-0.8765454339156038,-1.0,-0.8075789552745483,-0.18587855128625907,-0.3140733229299735,0.3253396904116471,-4.341449251899223
-0.2601573923394153,-0.07788272994251955,0.43324730868721395,-0.6627428303731921,-0.11369403730756378,-0.09149932178934136,0.3390939200011756
0.8413034736869289,0.361991338584172,1.0,0.4693112205445781,-0.7555141752512409,-0.3944655206179203,3.1231914189406207
0.11023722476977871,0.25165985531038526,1.0,0.8281802355812907,0.8223335714113447,-0.9751277401453541,-1.295320761999959
0.14924811477172228,-0.5096475935269926,-0.19031624005077885,0.012707413861036417,0.4568176097445722,0.8298743802963156,1.6020416778999635
0.7238311950584895,0.3178520197935045,1.0,1.0,-0.130692659421069,-0.7744232884297355,1.2961679775378026
-1.0,-0.8826983506005721,0.14900536556951438,-0.6442645503815612,0.3224988953886152,1.0,-0.6976714652957539
0.3444617717616737,-0.2549181846551074,-0.4574319591045479,1.0,1.0,0.29822627015944453,-0.7603878444848241
-1.0,-0.4681937299902881,-0.5109965570147119,-0.38632106681300826,-1.0,-0.7256391362954412,-1.6236645169260229
0.5786965442581202,-0.41086705519908356,0.8502630811840186,-0.8009840915566862,-0.6688801641514822,-1.0,6.988954844766275
0.9797695979837207,1.0,0.8394517337758455,0.32347588828295754,1.0,0.7115081937697321,-5.329976209522992
0.06436247217312707,-0.9032401192835962,0.42935955155530836,-0.954779950447241,0.4826525574118817,0.5263312295010226,-1.0101993706851826
-1.0,-1.0,1.0,-0.17139482903202832,0.4940351609692582,0.18550298991635533,1.654970975812847
0.6988830516336976,-0.699855899541551,0.8987771046204809,-0.04871265195801852,-0.284186078777235,-0.029843209370715607,2.1491943794030837
0.6725721477322012,0.8098808831654615,-0.988119241267628,-0.6934988565549844,-1.0,-1.0,4.2213114833409975
0.3226668029842621,0.22592462090416993,0.2747666172922846,0.7260374343022042,-0.4041954560784996,1.0,2.916102551958695
0.6005504108569694,0.4252974955538618,-1.0,-0.4064659526051525,-0.07598966692422437,-0.41100492986384307,0.2065404309186879
-0.3544949202659049,0.6071034757385804,-1.0,0.37386407591714277,0.5260600979181316,-0.21424897006716026,0.011112177210470309
0.7905069409679999,0.15735232827759563,0.993553660091939,0.9979634873933825,-0.6002851375583624,-0.9801161297755616,4.975753094226295
0.20449360019549662,0.22477668055595967,0.7367148865760053,-0.8008293434669874,0.44291260272908073,0.7969112615970679,-0.6214764596825482
0.5045435069239381,1.0,1.0,0.3827565399688675,0.4591556942692815,-0.547153714778181,-2.4699993283205552
-1.0,-0.44646421145135284,-0.3510970883602921,-1.0,-0.8107467939993555,0.4056943794549121,-1.6966968122973376
0.2982023036307182,-0.038218249707888674,0.5502763162064883,-0.961809454414374,1.0,0.005683705488764623,-0.14618083163795548
-0.10265207920599038,1.0,1.0,0.36189313214977425,0.09103509718760638,0.19553033104722017,-2.9319776914471576
0.7994408038740664,0.852252814868856,1.0,0.5739142718737723,0.9665357129253076,0.61779241097073,-6.340286171098273
0.6340952495008624,0.38678654487554676,1.0,-0.695364186280746,0.4045375023901654,0.6014354335352736,-2.0371980450909373
-0.09584568397522064,-1.0,-0.9915482052668378,-1.0,-1.0,0.4297120332198785,1.5829052755410795
-1.0,0.5562708874206083,0.04669225779060737,-0.6009705486238884,-0.5262070747839394,-0.2720639887631511,-1.5515250695985359
-1.0,-1.0,-1.0,-1.0,-0.5080158061088054,0.4263243103789436,-5.586936359040917
-0.5063989797421034,-0.10429850828414089,-0.29178842105527286,0.20852366273907447,0.585323655970829,-0.40017385173630093,1.1941205617768311
1.0,1.0,0.8934872138167812,1.0,-0.29632978855195324,1.0,-1.3422444274870995
0.05653181366053746,1.0,0.4022378690308536,0.24765426252984765,-0.5837408249548904,-0.9549179924361022,1.2598503144439859
-0.09920425315278825,-0.011284586542750219,-1.0,-0.5783153914031902,-0.5966918306347793,-1.0,2.2085726265998487
0.2253912170484571,0.14484952564392095,-0.32806148929127404,0.08968586268934453,1.0,0.20350731832696534,-0.40615970959895253
-0.39417140095122205,-0.30181536548169907,-0.44254754295064114,-1.0,0.7207941346123814,-0.14354791090749258,1.1983809639248255
-1.0,0.13557753103420375,0.04494619168874525,-0.4682457343049829,-0.3857294274129337,-0.31469036725458804,-0.8248099078207487
-1.0,0.28592948376377003,0.4308370743884606,-1.0,1.0,-0.3738402162321067,3.8493368683348486
0.3498175107910811,-0.2922341378740855,0.17356181715263916,0.2939812447181226,0.3539537428833967,0.616428478087184,0.6854906963474203
-1.0,-1.0,0.2761081988752683,-1.0,-0.36649227395344736,0.4235222171585208,-2.3442516618420326
-0.44357387006253196,-0.2848872999006996,0.41547002097179997,-0.25273549456651756,1.0,1.0,3.0104685489664935
-0.09632255093315371,0.6198648020184627,0.3158537679269225,1.0,-0.08547030339338951,0.6629864135651636,-0.31894236841501117
-0.1052694863303815,-0.3903563116939753,-1.0,-1.0,-1.0,-0.34772224910924404,0.988194673107751
0.17890752845263092,0.7875427843140088,0.21921902610129274,1.0,-1.0,0.366033023999387,1.6904872843008378
-1.0,-0.40919660817764636,-0.04118679641785494,-0.9995567954554346,-0.6255976205309716,-0.4986805073744549,1.5644956323458874
1.0,0.37434265666832434,1.0,1.0,1.0,1.0,-6.478496762425003
0.44195943902017876,-0.4053679952312106,-0.6022869832363649,-1.0,-1.0,-0.5657461576332693,4.64205507410451
1.0,1.0,1.0,0.20337417058830254,-1.0,-0.3796602635626476,1.8001034552505046
-0.6578577051471418,0.5636706088582069,0.25651229408323595,0.6412629146385669,-0.06757852240542156,-0.29907154035003974,-1.121569104698506
-0.4718683966697166,-0.26331972676189674,0.19405947902399207,-1.0,0.6491658949455759,0.04108637253357211,0.4468036063239531
1.0,0.28275214790437997,0.8232021381670058,1.0,1.0,1.0,-3.941752394100601
-1.0,-1.0,-0.11070436714066112,-1.0,1.0,-0.28088646891234137,2.218973234694346
0.0646594564317533,-0.366259331230779,0.5474263605601362,0.5172111289262729,-1.0,0.921059093880187,1.3438330055257564
-0.8484499666953276,-1.0,-0.4669455951401954,-0.9874732353340913,-1.0,-0.6812042175560763,3.5979671463475635
0.9814395305493921,-0.36189952960990357,0.708247374134971,-0.27114755272534885,1.0,0.3982705555364017,-3.791839143534101
-0.6947334021456057,-0.1856823903110704,1.0,-0.3355807869647338,0.8995880743636442,-0.35000222709838236,1.552354137495124
-0.10724832842400112,0.2128921631843207,1.0,0.9865532389444909,0.9017765573927075,0.4140175582010433,-2.280352598787429
0.2992233629663025,-1.0,-0.8589963047421191,-0.16634177468710393,1.0,0.4562414660350287,-2.534359711448139
0.42036589780343087,-0.7315876691643617,-0.15290983806701303,-0.6544483046377543,0.4094318030296719,0.8753376096245229,-0.13198179266279958
-0.5053396607163427,0.6542088102761078,0.09267757686856726,1.0,0.37292921294621906,-0.7570728618911187,1.6082816968941636
0.8303622982301451,1.0,-0.2560700236170241,-0.17565665276619505,-0.06576206729793599,-0.1665799337704616,0.8107886759602444
-0.38005593451395336,-0.2704071339892127,-1.0,-0.04242817913330743,0.914360498688158,-0.6036617183772469,0.25637830643984744
-0.2157371547864372,0.19530186287516088,-0.8417627238893867,-1.0,0.5506048701985911,0.26873397280414124,1.2651763709971142
-0.7176303471481329,0.6125529274559774,-0.3674580227040035,-0.49301619947790654,0.22835819319423745,-0.669011338515568,0.6440348122210784
0.8505459052247228,0.7619229770595282,-0.810961358035321,0.7013634479690357,-0.6281199874690824,1.0,6.674007784166479
-1.0,0.03939711304294907,-0.5710031067629444,0.4914891867777179,-0.08904667474706143,0.21853470082230514,0.08751425042519229
-1.0,-1.0,-1.0,-0.719345207285734,-0.18567196892930368,-0.9694308937538385,3.3588090029037625
1.0,1.0,0.606612945337639,-0.8317326693304969,1.0,1.0,2.1582256396635615
0.007391263230585032,0.10425693633982647,0.022082422650676503,1.0,-0.3671350275921065,0.5989411671544528,1.5482416284989935
-1.0,-0.7983110172818266,0.21323101502685454,0.03337089182788211,-0.13435405194082617,0.30487196836082747,-0.2910722553727878
0.4855530104436456,0.5712266132570969,-1.0,0.37658207258554666,-1.0,-1.0,2.946471812219935
-0.40574590816616307,0.025249945457557266,0.6246110364653301,0.3003189358013909,-0.15197560306620672,-1.0,4.019285350285319
-0.3122901338880537,0.1235614885556291,-0.03830432044195342,-1.0,-0.03593970871565233,-0.2168217962534688,-0.7204894094677956
0.619367817155758,-0.28132621088894855,-0.32813565464349254,-0.6096446074698167,-0.9565768087862492,-0.6229264631533896,2.7993324671530635
1.0,0.6970410964776146,0.05323205537812192,0.10611395051534123,1.0,-0.5084101995895416,-1.8289569155385057
0.24678197161372115,0.414888442877354,0.3049782237150002,0.30111127643144564,1.0,-0.06905187801769497,-0.11663098565540148
-1.0,-0.8349777880529372,-0.6992040730038172,-0.8724223549524157,-0.9300977073389729,-1.0,3.453037046287361
-1.0,-1.0,-0.013793077736977799,-0.9280064331878255,0.3462194562905654,-0.028821574047483534,-0.8728575994450649
1.0,1.0,0.5027071764995512,0.025693213309091578,1.0,0.7921919152531194,-1.6915303473282073
0.22134586578490797,-1.0,0.5224196013029851,-1.0,1.0,-0.17402472799644353,1.9747612039157987
-0.9733065855935767,-0.96238394618743,-1.0,-0.5710418676814062,0.6257462754748349,1.0,1.2202747379672298
0.986205077966406,0.6453177178114097,0.857022484529599,1.0,-0.2958496536044768,0.5126207311958328,-0.45699029853451095
1.0,1.0,0.8145296553408763,-0.3128199517959982,-1.0,-0.379966378332274,1.900464171568205
-1.0,-0.84488140218462,-0.050444810761947734,-1.0,0.559115912939101,1.0,0.07062514280632776
-0.12909502530929684,-1.0,-1.0,-1.0,-0.37746466853952815,0.607077008506341,-2.478500857618184
0.3044892461184123,0.8617016797157507,1.0,-0.7830016786850718,-1.0,-0.9743374292838872,-1.0617116385515222
0.17714974480833656,0.9578280880530772,0.6597239247496411,0.10179403467651893,0.24589818486062973,0.9594172919298808,-0.8007097704664496
-1.0,-1.0,-1.0,0.605738114686626,-0.5677379408717043,0.5468002173611233,-3.9680033735384894
1.0,1.0,-0.3247313288633342,0.19463489969650716,0.057490237747409606,-0.42209011953670067,0.5138611174612912
1.0,1.0,0.16496222032264213,0.5977721566100291,1.0,1.0,0.8750090774781679
-0.7909748558144041,-0.559051154651,-1.0,-0.2924734607160951,1.0,0.3048124938754375,-1.5788363561530285
-0.6964074802059708,-1.0,-0.9839725665294963,0.041304349078665314,1.0,0.3007214931469264,-2.5751447662770657
0.27909731704429946,0.4839889105860264,0.08142722083674503,-0.2109860588130064,-0.6453850650858192,-0.5375719537757664,1.2263458972817258
0.5700660367555634,1.0,0.9163389749722606,0.08830715745280138,0.0568980746413654,-0.7555699771122801,-1.328537556459786
0.7716008063948834,0.620285666991705,0.5901494193611563,0.25016975402525116,0.5950222319886892,-0.5880729947141418,-1.1608101606534589
0.7901500336440788,1.0,0.8462478688801589,0.7754630244324907,0.7365574396457133,1.0,-5.319630203767028
1.0,1.0,0.12992303535818894,1.0,0.8256959385477035,1.0,-0.46321591941063345
-0.08536869709764609,0.2862183763555976,0.16702007356909798,1.0,-0.4509893528446862,1.0,1.7465721284802607
-1.0,0.4996816812458468,1.0,0.7535505542978097,0.549126588271533,0.7316529172139943,-3.644259812157166
0.5425543705959872,-0.9933491044501858,1.0,1.0,0.8530255945764122,0.7855375073540471,-1.903996281113404
1.0,1.0,1.0,0.5669012672261957,-0.11250264767233108,-0.2931744429287483,-0.1668451324772402
-0.6267803631385647,-0.5522525765558403,-0.5945206020037577,-1.0,-0.02269785001378491,1.0,2.130636698863963
-0.9449632283370926,-0.3569057736923046,-0.639065039190883,-0.09517454253197233,0.6088391798340856,0.08419392764519751,0.08727036645914371
-0.22844807353201602,-0.5908578484119202,0.9704497131531179,-0.15804588591058827,0.3266352439667133,1.0,-1.080451364276369
-0.7111359170885938,-1.0,0.42508255321067195,-1.0,-0.9109373406859885,1.0,0.9661242055820676
1.0,1.0,1.0,0.41904975220766594,0.41174280588462936,0.20200800499943822,-4.662576723916006
0.0576483147735074,0.4377486488597906,1.0,0.1285703895722743,-0.8239271000971741,0.09859304053168566,-0.6618332660506202
0.6189543511025752,1.0,0.19856907657207779,0.9715712479906808,0.40458424469301163,-0.7751302998769414,1.648292777971043
-0.8296092507169979,-1.0,-0.08113603947952654,0.062025465468754204,0.08092315667031896,1.0,0.7344626004323331
-0.8340612099345375,-1.0,0.29677925391828675,-1.0,0.08227233796348832,-0.8390530104948906,4.806668700955707
-0.12332602394898462,0.07168378928602542,-1.0,-0.6344451218615947,-1.0,-0.38780552454436656,-1.8441948603585878
0.8765179149979081,1.0,1.0,1.0,-1.0,-1.0,7.646450301303925
-1.0,-0.6771414165170809,-1.0,-1.0,-1.0,-0.7727797393135987,1.4177814547939542
-1.0,-1.0,-0.7054609191198706,-0.8891079173942208,1.0,-0.01267712677435312,-3.023449522056279
-0.8026769752172481,-0.21358709189647973,-1.0,-1.0,0.4178628280514499,-1.0,6.047255901452057
-0.9703048791235341,0.41355570110750683,1.0,-0.25642657236347155,0.18645402580454695,-0.5459184140333081,1.0438532993442937
-1.0,-0.9551308619524251,-1.0,-0.23661357980453349,-0.706807563695814,-0.29802901009578847,-4.83471700096068
1.0,1.0,1.0,0.5905268082675694,1.0,-0.9079959752067844,-5.205474071707686
-0.011457747376205196,-0.9649254560700007,-1.0,-1.0,-0.1679901752666324,-0.6677019099253736,-1.068687939842674
-0.4668634617397379,0.289270917710517,1.0,0.09652467399754916,-1.0,-0.4395172350094136,-1.9783137435594467
-0.24861962378217195,-0.48892672413689003,0.19289877494386176,-0.11482930524195178,0.20285462549003286,1.0,2.050394678862072
0.8370964746064345,0.5548373059214704,-0.24026372305245358,0.9928374980745782,0.042115957991390895,-1.0,4.4908347246508304
-0.9534000990833313,-1.0,-0.812235616319811,-0.09934354336960904,0.9936646796714697,-0.5288572135758579,-1.6007017310438751
-0.7046155116133033,-0.5025125994749305,0.491845776872911,-0.784830132572218,-0.11724104458008411,-1.0,4.245888231849681
-0.9013404609759808,0.2809294097370166,-0.66663404591166,0.3865967381831594,0.7679209215871894,1.0,7.956918376093256
-1.0,-1.0,-0.0062557346800896085,-0.6258640585692303,0.5736709112024903,0.5991028725503745,-0.12690086153707075
0.9097706706339597,1.0,0.10579599635724568,0.4062132964429681,-0.5724812156993808,-1.0,6.157899441841268
1.0,0.5764018477408366,0.4099220559671059,-0.24366560621395406,-0.853160958002195,-0.5871031954556796,3.982140407314695
-0.5467168055778208,-0.34790845270024273,-0.4906442367978958,-0.3358347291251407,0.06377623632936713,-1.0,3.319428815732012
-0.026190709424506964,0.8254757385874183,-0.5715835424543217,0.3319333316927172,-1.0,-0.7450838547113094,-0.5922068006094983
-1.0,-1.0,-0.118382834675955,-0.07012921427703311,1.0,1.0,4.507518459267512
-0.7445063658079383,0.2778986542204609,0.26063753195685513,0.500103361381612,-1.0,-0.7214725631995604,-0.6206013681461082
0.6592742497019652,-0.05739114052485944,0.05178758857118376,1.0,-1.0,-0.8861951164935253,5.805274042685752
0.5419265057876024,0.8469606738395686,-1.0,-0.804193112106422,0.6062460467041373,0.6916922373114787,4.368918330652895
-0.754049367947047,-1.0,-1.0,-0.3704069200597998,-1.0,-1.0,1.4131880176134786
1.0,0.1911704485713881,0.9861227216802881,0.44672401755346564,-0.4454626748002668,-1.0,6.0230880930207125
1.0,1.0,1.0,1.0,-0.5823963771658766,-0.5339302888273751,3.7517443788268965
1.0,0.9890656489817422,1.0,0.9886825029589508,-0.47591661669167856,-0.41296125691683117,3.0155611401169846
0.471576107160194,1.0,-0.09076714911128575,-1.0,1.0,0.5003421602663156,4.3525703991832465
0.2372125948691619,-0.42404749692384985,0.1351999255739157,-0.25053367530204007,0.2609211015651259,-0.5278331039395064,1.2259570269365765
-0.3661200266207765,-1.0,-1.0,-0.17909850970745,0.1699280406281536,1.0,3.446603587000419
0.15082966730526648,1.0,0.994361657947348,1.0,-0.5149720799199183,-0.40893692941346316,-0.4604514348988689
0.13177455289293938,0.5322795314137265,-0.2926714711632065,-0.494081602699063,0.14959876529752325,0.9855209001168626,5.254111950162175
-0.5886892304645702,-0.04667229165925818,-0.177357551085326,-0.5449197696506579,-1.0,0.43525548224235805,-1.1892383131843922
-1.0,-1.0,-0.7869488694937928,-0.17224150143949107,-0.15426230405726965,1.0,0.3875211705703671
0.046756264041538875,0.6193277212968638,1.0,1.0,-0.748937659153049,-0.13493100177201112,-0.8121998745285447
-0.8369328954780022,1.0,0.8265272318684965,0.5227278621669017,0.4697044589564379,-0.13041967293845735,-2.3827077032499124
-0.21779891523551742,0.8464629466922204,-0.8373775997697451,-0.3182593528488757,-0.768140667606072,-1.0,0.5709853984948446
-0.246611510395767,-1.0,-0.520780146474241,-1.0,-0.5129053880899631,0.29142578051284074,-1.1421651136207127
0.1935816691373855,1.0,1.0,1.0,0.42287032040349803,0.9917149746267448,-6.0498147183582125
-0.3559221949779485,1.0,-0.11386447764272101,1.0,1.0,0.028684071046283233,0.44572683460550605
1.0,0.9659308690419035,0.6400664577157738,1.0,0.459681558283331,0.21404558923818306,-3.2836732349925484
-0.6228689223162005,-0.2582192697586956,-0.9667941431428291,-1.0,-0.656872094075778,0.27719597059848794,-1.1287726495422912
1.0,0.6531365268707982,1.0,0.06224434744481411,-0.924579750573784,-1.0,6.177310553017528
-1.0,-0.8985177212369597,-1.0,-1.0,-0.8808485120791361,-1.0,4.80708554120638
-0.4550152756096326,0.2635951060318601,-0.22142815014898468,0.8854415182233352,0.08176632589362454,1.0,3.0426276899342883
0.9585450962509805,1.0,1.0,0.0865910543340831,-0.02186180729535056,-1.0,0.2745677773778294
-1.0,-0.4512615099083751,-0.5839998252584413,-1.0,0.17294519458044777,1.0,1.7936065383759279
-1.0,0.337093099549565,0.8668121926794514,1.0,-0.15085420479335404,-0.594454116298221,-0.7458503526885633
-0.8757355807740292,-0.3874216875919787,-1.0,-0.1457923387504817,0.2814994128383165,1.0,6.969232825647383
0.4327583185255035,0.5336987922823442,0.6567146663260364,-0.1953527478035597,-0.41383265659993496,0.8954900470518855,2.1405214313830805
1.0,0.8217268291521774,-0.3115827800866394,0.06527006892539111,-1.0,-1.0,5.7348453252096085
1.0,0.9994197124089247,0.13969458420073944,0.6579560562570781,1.0,-0.9941954760107007,-0.14263429337630984
-1.0,0.024509593116079018,-0.04310829980079865,-0.15294987763747314,0.8349199429750289,1.0,5.506563473426474
0.9440912720661963,-0.06010033287895794,1.0,0.5388082048169147,0.8789970427558408,0.29550430819814105,-4.036267920345099
1.0,0.31563607154352835,0.7514480515986219,0.9295441595437104,-0.6912003443574093,-1.0,7.505872036137227
0.31377160328167186,0.9332848393959402,-0.8425545295930434,0.5707083661703072,0.4500016085888885,0.21231863738046886,1.058887309134593
0.5623121088555479,-0.018239649304060385,-1.0,-0.12843287022081884,-1.0,-0.10655391084835553,1.5100428953863991
-1.0,-0.24259044632696425,-0.5422549098757954,-1.0,0.34074816203641045,-0.6150749314833392,2.3842089354818796
-0.612114095699347,1.0,0.21777516465525215,0.13120277441434292,0.5287057981571985,1.0,3.341986849696243
-0.3398355370532419,0.15186562717495558,-0.23573810757053804,-1.0,-0.22205181460703285,0.15570301606249892,0.9391539371086444
0.10142507571506532,-0.8879568689329191,-1.0,-0.2854239670434889,-0.2622843683745104,-1.0,3.1127712372467857
-0.2617253609409793,-1.0,-0.8707262679085176,0.2424352013672133,-0.9235198063277933,0.14474918199016096,-2.03811525465002
0.8438923539237814,0.500245031592879,0.6121041923070829,1.0,-0.2709450551272048,-1.0,5.206850716785212
1.0,0.3993083920990507,0.9512902534082934,-0.7983626162123076,-0.0863511679073431,0.4372445854988305,-0.2269975701308693
1.0,0.1189427052030394,1.0,1.0,-0.44578714762206173,0.2708997609031467,1.0949810499236388
0.27824506688159184,-0.7417423493248061,1.0,0.689694244191968,-1.0,-0.6067800632256213,2.4023590768863636
1.0,1.0,-0.22341273305088244,-0.0012448487425480437,1.0,1.0,3.1084399043918363
0.4309168304675093,1.0,0.10499571210530823,1.0,-1.0,-0.18095037206364806,3.8968082348265813
0.3693151262723659,1.0,1.0,1.0,-0.3977426226951395,0.04590573176263224,-2.0886744919128537
1.0,0.24963286864733075,1.0,1.0,-0.326451600131868,-0.9769748217161337,4.604523563815152
0.20651210367237938,0.8092936616991938,1.0,0.9218018964164643,1.0,0.7548816024245236,-5.138514353775396
0.831288127012911,1.0,0.12826571889167654,1.0,1.0,0.10961319298945926,-2.437339559340568
1.0,0.49702193647608905,1.0,0.47448587814615895,0.18537673277343014,1.0,-2.672915840568036
-1.0,-1.0,-0.7941559422784199,-0.5972354172579166,-0.6834641378383998,1.0,-0.65087735445058
-0.05888786647880395,-0.4486879206943337,-0.39568317945317727,0.06746350857137026,-1.0,0.013342136503057489,-0.19163560856273748
-0.8751837549183509,0.0814953193457919,-0.45849113454225554,0.11617358164246672,-1.0,-1.0,-0.7324490001990192
0.788886052910023,0.4021518229874437,1.0,0.36109887370402904,1.0,0.4125536070091287,-3.442284824433794
0.9784349549712985,0.32731808548734953,1.0,0.6790653073716879,0.3871677620060394,0.27461702003700095,-2.2757623953023782
0.7275581983892305,0.3618534019446565,0.5186417622224581,1.0,1.0,0.029002853568779186,-2.140700914321201
-0.2591135622541749,-1.0,-0.8146540595284962,-1.0,0.5978250233230935,0.20621193216370753,-3.3825331100273637
-0.10063423901210344,1.0,1.0,1.0,-1.0,-0.9749047068626022,2.2275031953857587
-0.35079962758789085,0.0495850167433165,-0.9065426724877317,-0.5626115541474509,-0.1610527851748993,-0.22538222524812435,-0.9919110117258512
-0.2032618374003996,-0.8096366781515656,-1.0,-0.5839041164017711,-0.6183865806345579,-1.0,3.720463947719402
1.0,1.0,1.0,0.4542552758057119,0.5343994013233965,0.19913344427393265,-5.187346146903997
0.1685702386075476,0.4031950915606771,1.0,0.8139743189072155,0.5784938908447836,0.2686912343392015,-1.9115489266625725
-0.5136367024316253,-0.6138581273434363,-0.4095519966945773,0.5419194594760306,-0.18862091408058096,0.1771242111765524,-0.23726080716882864
-0.9617870634258724,0.6026388639478553,0.174406081090198,0.2678431743865887,-0.6589462180980654,0.28229750713886914,-1.4414814386093924
-1.0,-0.19179292204281206,-0.6225621580826042,-0.9353709513440811,0.4099211318672692,-0.10271504956218935,-0.02242103101656545
-0.5520630780892115,-0.46004078098001044,-1.0,-0.6749488745239643,-1.0,-0.5104452758441105,-1.8670451783841788
0.13951314403980186,1.0,0.24622238830958085,0.6269031006026655,-0.2108914757482474,-0.41753308921082444,-0.157100294183932
-0.6037155145331361,-1.0,-0.27733171556056035,-1.0,0.21935542735096425,1.0,-2.2028644462442175
1.0,0.1733072346315796,1.0,0.2653712443254519,-0.20684094010239762,0.5413859521445636,0.45280161062039903
-0.18069744212354366,-1.0,0.09789072491920958,0.0386711767536366,-0.25710719800076154,-0.8921707481431391,3.6670137176757707
-1.0,0.026055089536163256,0.16680256877964705,-0.6785291787321753,0.8450753418601491,1.0,4.872641403304319
0.56993561823971,0.0373938895097876,-0.41008022339144046,1.0,-0.2579978816973372,0.1930283103209067,1.1330178307227814
-0.3895452545923771,1.0,0.9130546119477261,-0.6088681466430934,0.3803057658326947,-1.0,-2.7098521707172494
0.4525483292272442,-0.9331175196920668,-1.0,-1.0,-0.5323831053009578,-0.9149549870681024,4.248517021766869
-0.18224660711106366,0.9900310110391277,-0.3779739683585238,-1.0,1.0,-0.7743397064839337,1.8617523850453095
0.7043515186869778,0.9743447887223052,-1.0,0.0787007303769135,0.45146672994783277,0.6433810310447792,3.730816564255468
0.547313220222049,0.1866710088605753,0.7131242261639288,-0.5667224256174354,1.0,0.7686908421148944,-1.417909749294786
1.0,1.0,1.0,0.12452699738231354,0.5533800526069848,0.4350952580821582,-5.087257823296796
0.6095962866083389,-0.8702359048865138,0.11547592008662655,0.6285836085017089,0.7375122538944956,0.006059762650275302,-1.7994586193683895
-0.14059781525454418,-0.6235098056868325,-0.6009903859481918,-1.0,-1.0,0.19677480561453464,4.005840535502581
-0.07333747247484959,0.7220050924453005,1.0,0.20959039988350908,-1.0,-1.0,-1.520256381671547
-0.4629527617943964,-0.5672365153900718,0.2580898321291041,-1.0,-0.7603271139482626,0.2092113219290932,-0.5291340657622383
1.0,-0.7488242773806113,-0.003203695186739297,0.8836779381957974,-1.0,-1.0,10.03599549601279
0.4487566550782752,-0.5715512833216739,-0.011382851871319155,-0.9455947640162174,-0.6012112826119318,-1.0,6.138549130473866
-0.4715942524801632,-1.0,0.4546313069520236,-0.22796709022927558,-1.0,-0.9348047984876364,3.942929051626615
-0.2650151988648611,-0.026343848432469452,0.5797317410079499,0.5162504417953335,0.9077495615454974,1.0,2.884389563272261
-0.9836827687808322,0.60915704225149,0.7239088495330144,-0.18306248466060526,-0.5370004954628329,-1.0,0.8497451147769932
-1.0,-0.09821935320426223,-1.0,-0.8427183439005335,-0.5063596833610321,-0.7350746502820097,0.7211337886087389
-0.2175260167474553,-0.21749566263175457,-0.17626446619337988,-1.0,-0.6423747950631261,-0.6739799095045662,2.303603217988035
0.5954441675441258,-0.20759924675738264,-0.004259404595299832,0.38630619991398785,-0.37875922086031283,-0.4682018927269297,1.8070754020431354
1.0,1.0,0.9097318292926986,1.0,1.0,-0.03831063649600744,-6.484862018503051
-0.1934573810204595,-0.827580049395161,-0.12503059410561113,-0.962435074488958,0.029246825252945308,0.3901837425459058,-1.1200500751293392
-1.0,-1.0,-0.8186478640813474,-0.8967790571653151,-1.0,-0.20661482370532758,-0.4181218296226009
0.41711863012286926,0.2798578790894739,-0.10925130537155112,-1.0,0.7176558537578128,0.44684471667356396,0.8061964268314076
-0.744119981611469,-1.0,-1.0,-0.08771338830236775,-0.8436887478486537,-0.285011404948355,-4.458484513867137
-0.21240977500210217,-0.759872084074156,-0.7404631448190788,-1.0,-0.05650380745639705,0.4553463157118871,-1.3007890378879419
-1.0,-1.0,0.07609149840154017,-0.12803744424878283,-0.662709825064197,0.7453686989026262,-2.9437293269157534
-0.1795301126204681,0.2560074007944596,-0.5734133523487234,-0.34153065584075637,-0.7710532633537532,0.9337219701958208,5.0739469783717634
0.9129241083885222,0.8360354053620991,-1.0,-0.69057831595957,-0.43721408371008164,0.344808190647837,4.201506413718904
0.09895941670396624,0.1782692357634399,0.3603783902559352,0.547833966873926,0.7484129468177579,0.311447167177872,-0.0035136725407553943
-0.945391294144345,-0.41824915535886076,-1.0,-1.0,-1.0,-0.492150601771397,0.3879795615237971
0.8268356900203419,1.0,1.0,1.0,0.16719371501219354,-1.0,-0.11367401585064885
-1.0,0.6998068028342441,-0.9779418064992591,-0.05374838109880975,-0.8148512972827103,-0.9778165371299465,3.665048174239251
1.0,0.7459194843970325,0.7028650030986727,-0.5425313943277661,-1.0,-0.017817340754289313,2.0762674595918504
-0.9385028421543368,0.2126202407887543,-0.4128398902990254,0.20501419228231388,0.5853163339270985,0.1027418960149784,0.6508862643777577
-0.019284371067582906,1.0,0.43597457437810244,-0.04144023349474568,-0.6053654227893634,-0.1654390191245606,-0.9145731122951661
-0.10851232518306309,-0.7672043462255632,-0.9931533575781366,-1.0,-0.4692332339891753,-0.93128682504894,3.1315289296394995
-0.47246001299849566,1.0,0.8348065834355245,1.0,0.8480055381500753,0.102134608284427,-5.000766254818253
-1.0,-0.20242749553760675,0.0115534807526263,-1.0,1.0,1.0,6.779420803491263
-0.7549572042382697,-1.0,-1.0,-0.7775485502992319,1.0,-0.11052220864792145,-5.815457449574222
-0.6531151431929377,0.2679274817325958,-0.6459185812260975,0.04759269833036889,0.6418032794357269,0.7622712081591154,3.9159943826117742
-0.4457924340880435,1.0,0.22850001904023487,1.0,0.9369894504018361,-0.5357359564746733,-0.401824172667875
-1.0,-0.394916060571303,-0.4069878189651512,-0.45822788908528916,1.0,0.27736928055889304,1.9391809613819952
-1.0,-1.0,-1.0,-1.0,-0.32093207462858864,-1.0,2.8260394056100515
1.0,1.0,0.05501147376537319,0.9146632954346046,-0.8248136943123187,0.31673075961213143,4.094313384433375
0.27875076043569313,1.0,-0.14566376038496515,0.6368650058135361,-1.0,-1.0,4.567401945796442
0.6803014297502601,-0.15124610639671393,-0.18330358477589492,0.9471037267961246,0.12984246945031236,-0.4503831541151552,1.0364320136038774
0.28464569144232416,-0.7105573768234673,0.7162732683975083,-1.0,-1.0,-1.0,8.760410826162783
0.17113687713482673,-0.1622528427552082,-1.0,-0.6131451356757888,-0.32185989380383984,-0.8224690355860347,1.1284710918228613
-0.19219105585656704,-1.0,0.9436724134900756,1.0,0.4758822252122624,0.15983937850296548,-0.3559264801041184
0.9063182251397628,0.4032608006322971,0.48502290385138513,0.9941098881818451,-1.0,-0.10932395219093194,3.588614545444255
1.0,0.8344475132495004,0.07406905338280323,1.0,1.0,-0.0636716393465373,-1.236040680155825
0.6935181991634326,0.2423326787939264,1.0,-0.6280503429752988,-1.0,-1.0,3.473829480776568
1.0,0.9781767855794015,-0.8249894717722962,0.7813413106498909,-0.19079042427316378,-0.7357695104184065,3.473156599431195
-0.000977114062623019,0.44007520079296575,0.3686339545017079,0.8650813169969404,-0.07658046341930447,-1.0,2.610468462833513
-0.1212803129612651,-0.6341109720889311,0.3798681406115698,-1.0,-0.7563232724017968,-1.0,5.218645261435883
0.15375121531895358,-1.0,0.3447197943297794,0.6981872193751524,-0.7756258600397961,-1.0,5.60397103282554
1.0,1.0,0.5175697227125133,1.0,-0.3571391462906334,-0.6318518514136182,3.4909151244304333
1.0,1.0,0.01178922393803461,0.16439908774305656,1.0,0.7511942196811607,0.09015646626698104
-1.0,-1.0,-0.6873086890293468,-1.0,-1.0,0.026674903624048674,-0.3520921504402178
-0.5223576885435034,-0.9823615521341877,-1.0,-1.0,-0.02292963314541363,-0.2218377867246032,-4.2656354005481205
1.0,0.22690510070864955,0.016967863524739002,0.036810048018537156,0.007805421953754443,0.3315655054005566,-0.2327852842737851
-1.0,-0.2824644210510693,0.2995397320990889,-0.4977322764253743,-0.41640423517293346,0.3807194266415799,-1.3397940850903072
-0.7144070879885057,-0.8683907209693859,-0.5343782587628692,-0.5479846018653409,0.18115299784240352,1.0,1.261584561325512
-1.0,-1.0,-0.9820019709241762,-1.0,-0.13289323123194163,0.08639372569238016,-6.6352453589408205
-0.5114848149297582,-1.0,-0.19786469730214762,-0.009697146653440347,-0.08004360873504712,-0.5359130181876877,1.3706910332704596
-0.9322223809732614,-0.9683426432873488,0.9876919366975254,-0.6555342768860267,-0.29394922844753957,-0.20094952620832585,1.8178057566576713
-0.5915413242808617,-0.12251740239534581,0.5969393451517016,0.314859367779481,-1.0,-0.06054507284833632,-1.35422236703709
0.0602146520102782,0.5146519726036789,-0.44083065598277976,-1.0,-0.4326264461397971,-0.3405416260996935,-0.38545957868458414
1.0,0.6433921659973318,0.774911826910283,0.6969522936994657,0.27796121401088425,0.9201196595277995,-1.8106960659497637
-0.8548924011911275,-0.836986646296771,1.0,-0.516070483557187,-1.0,-0.6412407461072295,2.0887954904533634
-0.4408078506977905,1.0,0.05028298246594487,-0.252691343485008,0.022199530525337297,1.0,3.5095909960418368
-0.37816025496635597,-0.944088250769246,-0.8892216947048655,0.9499859466222209,-1.0,-1.0,-1.0005132037988809
-1.0,-1.0,-0.49510071154178537,-0.23552418455107027,-0.6034866472697902,-0.12467616766500922,-2.482857610314445
-0.39572702346845134,0.152774495109803,0.6413854158880841,0.8175358217936921,-0.7203809756298268,-1.0,1.8187051541887576
-1.0,-1.0,-0.05753533298934199,-0.30558372220935226,1.0,-1.0,7.3568345007622025
-0.5144381050754201,-1.0,-1.0,-1.0,-1.0,-0.3000413273458393,0.47371058180991377
-0.09291136202109551,-0.10491468124683495,0.36312373303816964,1.0,0.6464144282206332,1.0,4.0284734199241665
0.18510198526620503,0.24953802120002533,0.641927043247704,1.0,0.6791700127093232,0.6116744253852909,-0.7287678683814846
0.5210682765733559,-0.5540985257221662,0.41760671498770835,-0.7521358831707673,0.7522778185936476,-0.20506629483316874,0.5441676519631871
0.07469880100156301,-1.0,-0.8716358241792745,-0.21157182273818503,-0.4987544167100446,-1.0,2.560959958587864
-1.0,-1.0,-1.0,-0.38024062875488696,-0.8527199580159784,-0.6656429838709848,-1.5836688034045197
-1.0,-0.3065790052711643,1.0,0.8626598644659857,-0.34533915238446555,-0.31004434757337873,-1.3424113230553187
0.4672417126436832,-1.0,-0.9842506176821448,0.27567886873454067,0.17076177308119317,-0.044206557596479595,-3.2303483884984967
-1.0,0.03120887665785088,-0.39583294551016346,-0.755445851778237,-1.0,0.2693674625465814,-1.9208140291302946
-0.924128168439075,-0.9815395759225234,0.12180844444138605,-0.7352030320712117,-1.0,-1.0,3.761203770297846
0.5859529963143533,0.19480314433165447,-1.0,-0.8378111778136762,-0.5583187883012299,-0.24677564468530477,0.7253525712679605
-1.0,-0.4163519416063459,-1.0,-0.5725085043409721,-1.0,-1.0,-0.04808487576544973
-0.7645348340509638,0.08126336789094074,0.3461708947596108,-0.3973806231594561,-0.3114946106701489,0.3302095301553687,-0.16768556515127375
-1.0,-0.10025658140375027,-0.3402910816538529,-1.0,-0.9751845011165042,-0.5026576572428216,-0.28807079616752707
-0.09027265993649292,-1.0,-0.3725674319553036,-0.10401892959738879,1.0,-1.0,1.7172747861936957
-0.607636834394157,0.5971637786661641,0.7148071974571457,1.0,0.18031256572133791,-0.34054661105507755,-0.9243936139001784
-0.43336069017598233,-0.999029902241528,0.28604817539645,-0.24316305848978653,-0.7440150802448029,-1.0,4.443060673573716
-1.0,0.060539243999563674,-1.0,0.6080096424252539,0.44912417388883075,0.3436878237152261,0.7171936295567187
-1.0,-0.2541454873395953,1.0,0.9052127379243815,-0.9654096645486145,-1.0,-2.274944210431013
0.5956131233414192,1.0,0.8982325590686879,-0.13381383925075035,-0.4373496908379618,-1.0,0.7541281035992901
-0.7736483516295607,0.9645636834260054,0.7582575603861579,-0.15331900683203137,1.0,-0.6044700058811642,0.6826758872464096
-0.7477429434992303,0.04636082137926195,0.3387672773525461,-1.0,0.7423942850607775,0.7525773186730693,2.9741053814966696
0.6322132993217567,1.0,0.43604566359991404,0.40480483266991574,-0.39464930818855676,0.7022615141242718,0.013434089966792073
-0.47885617111199297,0.5930649063718794,1.0,-1.0,-1.0,-0.840065983892998,-3.3901772758281594
-0.9713880579811537,-1.0,-1.0,-0.08274889484316938,-0.34792275101753334,0.8213935031210388,-1.0496657368777016
-0.780770770511207,-0.7639097991064476,-0.11279032553051072,0.46154107262315897,-1.0,-1.0,0.129149418246189
-0.29517058771926996,-0.2018948292748381,0.39711697487324216,1.0,0.03939058318088973,0.1224098001972691,-0.7049470339127868
-0.17757497909153463,1.0,0.6389647070715724,1.0,1.0,-0.07023037109896849,-3.641388104522634
-0.4452517593834226,0.37570491764687924,0.1168659930800815,0.029154180505382155,0.5379895575927244,-0.7371962373057231,1.6425989987475664
0.19254690052059298,0.45582863471381,-0.5306642839021644,-0.22043289290634238,-0.7878912424120335,-0.7811575337161837,0.5782891923689536
0.3815410077549946,-1.0,-0.9198714673338824,-1.0,0.4521821213476654,-0.48259085884778474,-2.1612353743733776
0.9187671165007201,0.24049291931182565,-0.6724071423194922,-0.6136171409753424,0.6881955799877744,-0.04923725935854552,-2.301896654843302
-0.4480998969962202,-1.0,-0.82720565952995,-1.0,-0.4847575179151715,-0.2662776061193801,-0.8959783154197162
1.0,-0.8681538520355514,-0.1041329852616655,0.6451768448220523,0.6264605802540358,-1.0,0.8302551420532265
1.0,0.6344409833295999,-0.34860277965891084,1.0,-0.6235658192510666,0.23845170917846265,3.820256324399048
-1.0,0.44192247106104576,-0.05236645798327165,-0.7453623461787973,1.0,-0.07316497246017228,4.688941772253888
-1.0,-0.6820014732018527,-1.0,-0.5043554762563673,-1.0,1.0,3.6510352948785587
1.0,1.0,0.47111415386183353,0.030987793942035435,-0.544665198718991,0.382816387397347,0.11736513720192243
0.21585136143572292,0.8274101134838461,0.799118738848164,1.0,0.8254563299415638,-0.2089632536315121,-3.0869501301792055
0.2727644190046192,1.0,1.0,0.44725234370892386,-0.613327110700463,-0.24044973043642925,-1.7973030139215878
-0.5452140069618415,-0.27658447413734677,-1.0,-0.5681838515597162,-0.5001216112581107,-0.8117889456635874,1.8560726628552153
1.0,1.0,1.0,1.0,0.008595760633663296,0.490841571743868,-3.124936148719314
-0.5099655704374708,-0.9786456349348386,-1.0,-1.0,-0.6325579297273116,-0.23958980697227794,-2.1410158076219408
0.9892840872523386,0.9419728973676105,1.0,0.8733712177478228,0.9950056598508862,0.5465996967200017,-8.95396597029738
-0.0893470005987629,1.0,0.6773227663818913,1.0,-0.5882449179200817,-1.0,2.8924074196859832
-0.5984559772580386,0.3632551125050345,-0.016724407686139753,-0.5431573719047703,-0.1202380687469593,-1.0,1.1401251317985097
-0.20015216425762417,0.3346229831817309,-0.8342902079261465,0.36791017340369153,-0.6372824886873591,1.0,6.201736099077449
0.8617700632556524,1.0,0.8232775193813822,1.0,0.8375237055973449,-0.490444295906985,-4.6419627700250645
-1.0,-0.15676105611234692,-0.39747068131407204,-0.03638173735044381,0.15811749089089067,-1.0,4.635671001088052
-0.5248827751200049,-0.6331368009534157,0.34572875469666364,-0.07421988000976726,-0.40886941024631973,-0.3208751833773915,0.13737250955891903
0.2861350971930141,0.14766709318829285,-1.0,-0.5891276389392897,-0.39117106802566665,0.2957148815712367,0.5794722973458234
-0.19355719609779198,0.59116391606073,-0.31693361612835735,-1.0,-0.5834585977126566,-0.2645613925598234,-0.2189690939806529
0.04107098337540693,0.4055980615403477,-0.49543606380066507,1.0,0.7615383954932766,-0.42546035963780005,-0.5273865170085459
0.3062349828099854,0.8734067173299573,-0.2611424756826221,0.27996270631429443,-1.0,-1.0,3.181799754146872
-0.3508815299904154,-1.0,-0.624575548726324,-0.06121115181146797,-1.0,0.6889502035859358,-0.8415792872521093
-0.4296029046920835,-0.45308868460219875,-1.0,-0.36849241549347,-0.4440483836782514,-0.053409149000398504,-0.6734289221284036
-1.0,-0.05626322359491043,1.0,-0.031903206731340505,0.6266910294284853,0.20531795276266876,-1.198023151869812
0.6498194684361802,-0.44784510865896954,-0.7261912320595963,-0.5704059673611368,-1.0,-0.8445960122062441,4.086333775840975
-1.0,-0.08733392315266908,0.3524494846228663,-1.0,0.11817820847564775,1.0,-1.2996268632169676
0.055082793785922846,-0.8015655062117014,-1.0,-0.9411955087717082,0.608459856987136,0.14510891503815004,-2.6061686036021343
0.6754164751011766,1.0,0.4830550894315564,0.7572235360959796,-0.6527355754634823,-0.328463421127194,1.6485781288715846
-1.0,-1.0,-0.8448923699622717,-1.0,0.769418287006493,0.7133245508257262,-4.150115004768351
0.6839196150548716,0.505137445778402,1.0,1.0,-0.000346606455898249,-0.3449432459253967,0.000870440151619023
0.5269217502803651,1.0,1.0,0.9027109508723083,1.0,1.0,-6.807288616673438
1.0,0.8613682345762391,1.0,1.0,-0.22182387346334997,-0.15724725193986877,0.5004056778755231
0.005048171137616464,-0.244569650691985,1.0,-0.6636029001196382,-1.0,-0.21159060281626196,-0.1032180416195263
0.32962617266635735,0.21945626040937471,-0.41274636073630344,-0.4068519317643017,0.6820589790805414,0.6096696077426383,1.1637238121406792
-0.2981281560875133,-0.26767878258878874,-1.0,-1.0,-0.5415730523447289,-1.0,2.3057743239114843
0.4403116730922366,0.3788263792342338,-0.3255150369937164,-1.0,0.019623533965418605,-0.722717412190597,-0.06101278019075862
-0.2446425616837532,-0.18111326532463135,0.2777126768096646,0.4390555904280033,0.30757128720633187,0.5151978731065934,0.7835425194654545
-0.044608179760970666,0.015627098752178936,0.5385408283085187,-1.0,-0.736227183250471,-1.0,2.9082873671919027
-1.0,-0.02867751033515025,-0.2515233382575788,-0.48944932469807967,1.0,1.0,7.044156854924768
-1.0,-0.24419128000240709,-1.0,-0.42279445818201955,0.431571313318859,-0.33421162861496967,-0.5997555675879938
0.5396079024977594,1.0,-1.0,0.9462302410070732,1.0,0.186081285535042,-1.163297542979985
-0.7432546565417448,-0.1416167055348243,-1.0,-1.0,0.17986603839130144,1.0,5.661016740246687
-0.6150183787726855,-1.0,-0.7818276349771143,-0.3979255752814326,-1.0,-0.8015889266323062,-0.8952944737061429
1.0,0.46734818847232495,-0.6401262231037969,1.0,-1.0,-1.0,6.87572266635471
-0.12000378016272006,0.40595494203760407,-0.6010149711260969,0.198890557150331,-1.0,-0.6958928698070714,-0.5961713755081962
1.0,0.1596824501171613,0.19581789874347744,1.0,-1.0,-1.0,9.120713593082424
-0.34659349440592835,-0.8660022175346018,-1.0,-1.0,-0.20978197805895085,-0.711602738294161,-0.7405874261145527
1.0,1.0,0.583653707079169,1.0,-0.5672123393717127,-0.6449312039226182,5.174881628963102
1.0,0.5167333701078645,1.0,1.0,-0.6180312818415716,-1.0,7.192046302976955
1.0,0.5652495671126472,0.8882696643312048,0.19481550881266818,-1.0,-0.07910390039521277,3.4794991343304855
0.8392968401750229,0.8648857143217419,-0.15663874208656475,1.0,0.4492330148244359,1.0,1.0648716156961906
-0.04145411475995486,0.5911489401066438,-0.6320551359222092,0.1044667401504914,-0.490176328693953,-0.6164307429008129,-0.6985275310474741
1.0,0.7366977261276817,0.38637820048786575,1.0,-0.7149792991748796,-1.0,8.83659895816642
-0.808191139601866,-0.6254454452688731,-1.0,-0.6530467127951229,0.4553469536913326,0.1680361992721584,-2.2245350889125803
0.28676534927829356,1.0,1.0,-0.006516751062685233,0.7934839366754102,0.1315134581641213,-2.543704687176907
-0.10810912497704867,-0.028629393330032782,-0.3173108557435007,-0.2306239120494432,0.3332857850279519,0.9621719456137969,4.104291369094038
-0.4991290093130868,-0.7653892928680275,-1.0,-1.0,-0.8294268438652006,-0.6383928721049317,1.0305735830103875
0.6044633139334323,0.7557624431395521,0.2594854682399509,-0.2852916129838346,1.0,0.7509823295167626,1.2785843358316749
1.0,1.0,0.10986818232525236,0.4311633758848028,-1.0,0.32428437181965264,2.7348539668944047
-0.2790025035358614,-1.0,-0.08419179019910261,-0.35122476242773626,0.5039760127616385,0.3557945472981246,1.0255984637528888
0.7260911723761009,0.8201617876581486,1.0,1.0,1.0,1.0,-6.965574239504207
0.43660346056953264,-0.12315388754285644,1.0,1.0,-1.0,-0.6952355772633413,1.889514696449894
0.7522883702981196,-0.12863301028436452,-1.0,0.6799020651136203,-0.45883946411966237,0.44724466028499177,2.172568689802048
0.5215870533138885,0.21198890205743395,-0.9420305529627357,-0.23466690945395274,-0.1558647454344826,-1.0,1.9850761949158289
0.5392622763787898,0.791201527679604,0.8105394366120782,1.0,-0.3692587280894008,-1.0,3.4294093739669353
0.27636123865014905,1.0,1.0,1.0,-0.04364745808295484,0.8813600709411024,-5.630488493093697
-0.5042867941195526,-1.0,-0.5636475694751931,-0.00961360072826356,0.510974760077822,1.0,2.5912601477647375
1.0,1.0,0.586375079630632,1.0,-0.9484224141683859,-1.0,10.259244027087341
0.7508129669224958,-0.35956792526447023,0.0018834692212443827,0.662600827448808,0.009684214986549033,0.6352368716430365,0.9741016617153991
-1.0,-0.9877625264821636,-0.21296135171542144,-1.0,-1.0,-0.5665484793662341,4.223816404239066
0.594601041729099,0.020971689538366478,-0.7696430992079972,0.06068142540240379,0.4586209619413626,0.5002192130084021,-0.34541056926492514
-1.0,-1.0,0.6137806564721717,-1.0,0.37165885885643235,0.6558018475817595,-3.079332587412036
-1.0,-0.7454095693514724,-1.0,0.062028098653747366,-0.14839297594213452,0.09605666627847996,-2.502281439705594
0.6655622670859439,0.39415811509866433,0.20182906715406412,0.09765371769868458,0.030657429336438766,-0.44627717876346723,1.4723014596036679
0.5229961884395773,0.2741843573709044,1.0,0.43482915281739554,-0.6029061255955479,-0.22435966610825075,0.6533009826843877
-0.05450790189609697,0.8872257966254368,-0.8409976650334627,-0.07055372297981466,0.4230267654861883,-0.8415044663033364,1.8871666045166888
-0.47417738912552854,0.39463941382793144,1.0,0.2460721159521908,-0.9381799625451064,-1.0,0.6523194586812001
-1.0,-1.0,-1.0,-0.2278873315684835,-0.35183577397644616,-0.5415290090551594,-2.4519208134862502
1.0,0.9704397539576035,-0.01779732948206758,0.7497548725357935,1.0,-0.41572221900448936,-1.385790075527074
0.40804723189870906,0.7682241765855331,-0.2699425857917108,0.4935619041418685,-0.10147501081336663,0.9711952908404338,4.169401955893369
-0.7631850086168865,-1.0,-1.0,-0.20297312028205372,0.3799143337164088,-0.5852172351314127,-0.9754117333212722
-1.0,-1.0,-1.0,-0.39928589736857223,0.27929977630271036,0.02234648209629808,-4.235898693818841
0.09271498949352364,-1.0,-1.0,1.0,-0.34238109237471626,0.7161171467611822,0.8728989431400225
-0.12986027377328418,-1.0,-0.46023156790258946,-0.07678413697991546,-0.8874137239866366,0.22621017470317017,-0.9600911277970365
0.9771770798109889,0.16031769023452766,-0.9578961459015026,-0.8497596000058069,-0.5499506304404702,0.20769425126877988,1.8260066100432606
0.0034261193159610404,-0.48957570110355614,-0.1862583978967169,0.4244280820023987,-0.8308499153855425,-0.3838074563470326,0.0332906976923264
0.7318606872155284,1.0,0.8621773239170241,0.6972306012743679,1.0,0.07633113154888094,-5.101640276391127
-1.0,-1.0,-1.0,-1.0,-0.48534488683455357,-0.40078993046074274,-3.2163100622102534
-0.4663655261574472,-1.0,-0.3726107497831649,0.8632489809256981,-0.6673328280496899,0.08808683938100814,-1.1005999972520035
-0.1668526501916454,-0.8762288167187484,0.08363452374664483,-0.025713814604293894,-0.4317562151513561,-0.48573591430739804,1.4736530493347604
-0.3368946224890187,0.0098793319988707,-0.17670811060232258,0.13557556133708015,0.20697966615204247,-0.24250853584046433,-0.3125594060913125
0.5580023508373098,1.0,0.07047391220744234,1.0,-0.9150457857078217,0.2247979744632298,4.686943786107297
1.0,1.0,-0.027680401192373694,0.016610688508486904,1.0,0.15416290451249026,-1.6613044059750397
-0.7559865549404445,-1.0,-1.0,-0.17090961125690463,0.9863264280917807,1.0,3.9148591008123153
0.6528780963905763,1.0,0.009918649321811301,0.40054146691540393,-0.11507125965094715,1.0,3.5685718832711726
-0.018551580415540503,-0.4126912683585431,0.6525327043698875,0.39242969438282693,0.2665181556072248,-0.21391530970903583,0.8499245395786622
-0.9168696585179613,-0.4688562463814897,-0.7895798370024347,-1.0,-1.0,-0.44558470776937065,-0.17692062502516093
-1.0,0.31306314267426816,-0.25664061923341197,-0.7716587568764455,0.9848065178074803,0.966626685018954,7.333857786170298
0.07965209513683119,-0.9795240364826809,-0.6973538155009223,-0.42461281128850326,-0.4179093338550963,-0.028991416817024884,-1.083969345184565
-1.0,-1.0,-1.0,-1.0,0.48703755442281194,-0.2282550106005049,-6.496521988064991
-0.02405390321136896,-0.3480826799240151,0.25992709856693874,0.5452097540680271,0.624322386405739,0.2742885922976225,0.5629386607787105
1.0,0.5919809357626626,-0.9354317685164741,1.0,-0.21688921483056078,-0.2290659618623272,0.819413238754543
0.3513142701487708,1.0,-1.0,0.903006641023147,-0.7980096286774805,-1.0,8.573549569320386
0.061263604034131336,-0.5871722077209001,-1.0,0.2319352059737304,0.7612091910015542,1.0,5.415416742539019
1.0,0.35074686934825205,-0.11157020715865529,1.0,-0.067488695485314,-0.5852907222183474,2.591460223835349
-1.0,0.6931285137701187,-0.6493773856923735,0.2297470943161176,-0.9119838390064694,-0.6211493442524283,-0.22794690974261633
0.7006738415082283,0.7704279310334499,1.0,0.5416043983359287,0.8136668903703849,1.0,-3.976135221771899
-1.0,-0.4862292347604933,-0.7846690621038632,-0.12695781816047583,1.0,0.9822875918754521,5.477405848979383
1.0,0.04102865951999568,1.0,0.11839538287232271,0.3079058194313635,-0.7536577032874539,1.1386889471320347
0.7106514631428402,-0.7489230354576294,-1.0,-0.8706741870679973,0.11073924266283697,0.14200310471689925,-1.7845619570915476
-0.4571741842007595,0.10853911564620211,0.25217413603560895,0.25267269336946974,-0.8229579256238357,-1.0,0.9640146357637167
1.0,0.9227498518919478,0.7375826512522385,1.0,-1.0,-1.0,9.906963000716848
-0.4429549287241856,-0.4873611301681293,-1.0,-0.09146617643581911,-0.31853364780285265,0.09908069235042335,-0.9689613653243142
-0.3431393246028832,0.8842251434958593,-0.3807690522732533,1.0,-0.7560518844210204,-0.9725817791737086,3.643720136073106
-1.0,0.332224660665977,-0.4924023761283719,1.0,-0.5894322865573186,-1.0,1.9467030986771325
-1.0,0.09675229761822735,1.0,-0.9030559139899466,0.3519993513586339,0.9573763077018798,-2.3070259385558334
-0.4820131896395927,-0.8172267497044817,0.6814752208110263,-1.0,-0.9751828303113165,-0.09316581891108824,3.2721779651936336
1.0,0.6988710602359967,1.0,1.0,-1.0,-0.28154394647971404,5.415976102464874
-0.5504850357252488,-1.0,-0.007265496060728738,0.06517518436667963,-0.6970629401719042,0.9961832034265531,-0.35446832091228075
-0.21458783157910644,-0.9555299383233451,0.6345976896838894,0.5176867297932628,1.0,0.061058025548900385,1.5295717741054884
-0.8270348940705983,0.09057204934149465,-0.8868893752964893,-0.20378452749742682,-0.9054032077700152,-1.0,1.209854819382762
0.0015724332478621594,-0.8338480583121184,-1.0,0.0975995393656055,1.0,0.815234815219152,0.8934464874814831
-0.5205518799742287,1.0,0.026982470672498565,-1.0,-0.22446906077736206,-1.0,-2.0668255177770876
0.7361054563515319,1.0,1.0,1.0,-0.7552238756302443,0.805676359044728,-0.9882700629662522
1.0,1.0,1.0,0.8816745284860282,0.5821853495261655,-0.9498290822843412,-3.115546510826089
1.0,-1.0,-0.2475414879177045,1.0,-0.2115357848253625,0.21133373412384715,2.482813042424308
-0.5797572875633696,-0.659470475806395,0.39931389258756955,-0.2440539073504555,-1.0,-0.9240729620065558,2.293751176922795
-0.2423264832147825,0.9104864241890968,-0.4089753711560729,1.0,0.08148284204768308,-1.0,2.4082324258655343
1.0,1.0,1.0,1.0,1.0,0.8538457249258518,-10.449143491862667
-0.13347432912432033,-0.8010298072921428,-0.21724543184387446,-0.5621361190750533,-0.6315306117728181,-1.0,3.983238652314048
0.6036291758814163,1.0,0.3885089572834419,0.4895453460714829,0.443593502857735,0.4343978219105179,-0.628311312727255
-1.0,0.3015253687172159,0.8091702395162396,0.641185443601484,-0.14853984615807203,0.08518973024958189,-0.6486982910797655
-0.15665800491739373,1.0,-0.4716772033490438,1.0,-1.0,-1.0,5.187635711191619
-0.8456841475681313,-1.0,0.54295948882786,-0.3260316644865378,-1.0,-1.0,3.6496440829788432
-0.29121367348787164,1.0,0.8344081820485042,0.5786261129020622,-1.0,-0.7847851232872511,-1.4443137411544882
-0.9540461928146016,-0.2002215176610388,-1.0,-0.3434776634629463,0.3051079814726857,0.2808980298924175,-0.6348528418004731
-0.005037116838945588,-0.42012460941156204,-0.3524479375208015,-0.49548104679174676,0.08548813664562194,-0.4478874801113329,1.1258520109605161
0.4617098957020459,0.24212669309593104,0.4953657694935012,0.06142493421377326,-0.4362230691615683,-1.0,3.9470566597384025
-0.27590059576488923,-1.0,-0.02957942548081005,0.11466131840955866,0.7761542641213772,1.0,3.631085585200772
1.0,-0.12289095863369476,1.0,-0.4068574571016147,1.0,1.0,-6.9405696796787435
-1.0,-0.24651099061923767,-0.35865988034661656,-1.0,-0.5912422833116553,-0.11057812068095949,-0.764084531322132
-0.24220949405146874,-0.24192738427230379,0.15176826325137371,-0.42329381333940697,-0.4624333915760232,-1.0,2.3233883852648995
1.0,0.9080066193564308,-0.6719637895038187,0.6392907457957956,-1.0,-0.5652324980304175,6.750365098783052
-0.17464801525549556,-1.0,-0.005841755140440386,-1.0,1.0,1.0,2.5043282291805697
-1.0,-1.0,-1.0,-1.0,1.0,-0.1393080556426155,-6.307815474742254
0.741108282170599,0.2809321194069446,0.19983739915818788,-0.09885089471700498,-1.0,-0.37512185177088486,2.9604115366823023
0.07512198961336947,-0.293978088709752,0.7091576886162978,-0.43062622987027116,0.5001262340698469,0.7055707009973179,-0.712787487092866
0.9095345728501576,0.05752842412473491,0.9313329655290017,1.0,-0.5319931658920372,-0.8427609943168353,3.8231889312551246
1.0,0.9915194959133946,1.0,1.0,0.43672482711758875,1.0,-7.813352435304257
-1.0,-0.09038074656455608,-0.29802384028200224,-1.0,-0.8935109790022531,-1.0,0.2043516784465026
-0.4163212173973623,-0.2294114710331352,-1.0,-0.6595416623359198,-0.49917593632600116,-0.7890084063258715,1.4702997293472688
1.0,1.0,1.0,0.7307258558475298,0.48706421998812277,1.0,-6.533975022260373
0.7736346967507979,0.3882848963290244,0.6229480960676959,0.15640833820982164,-0.2089187950104288,-0.04841929603709516,1.610830647177902
-1.0,-0.9962440724828758,-0.6422368192433769,-1.0,-0.533422191643633,-1.0,3.901181857021121
-0.9660512127893968,-0.07000358785787741,-1.0,-0.1827453036237081,0.49548602982769097,0.8414926297697862,5.277779649672957
1.0,0.3096071434838268,1.0,0.8482729887673619,-0.5630228106349584,-0.5407997043018749,3.5492563918384494
-0.6003722279798035,-1.0,-0.9162827078056887,-1.0,-0.8472582453867511,1.0,3.6168818202895907
-1.0,0.38636099260721435,-0.7495966591220213,-1.0,1.0,0.22925191606608375,2.849850167829837
1.0,1.0,1.0,0.7904959044792121,-0.7453039099100176,1.0,0.3918803885580177
0.4120961341615713,-0.3886104105067448,1.0,-0.8417092861583149,-0.1912726478247071,0.5362050257974569,-1.5151522857402504
-0.3575701219595193,-1.0,0.0012609565736130257,-0.37339920920899616,1.0,-0.7947937280282609,4.042228030605937
-0.24402432354440073,-0.3148027709807424,0.3213653002710284,0.07280563586910851,-0.1371164062882978,0.4594579554883038,-0.18211895041921133
-0.9682878551410394,-1.0,-0.3434427013713366,-1.0,-0.10950875012224402,-0.7905882141881873,2.0907712101112255
0.5724867595237184,-0.14640445246544975,-0.10917328643274454,1.0,-1.0,1.0,6.163297323403303
1.0,-1.0,0.9826556999811501,0.7011214957171277,0.4264601377765964,-0.021854008237062385,1.6792995130021302
-0.055091055971894565,0.1825071744161461,1.0,-0.1762803055479243,0.10648640347086577,-0.30195503004627566,1.4377277216146245
-1.0,-0.13338221332017614,-1.0,-1.0,-0.6597820027592484,-0.6364224852319604,-0.1943566186326814
0.1738556736592789,-0.4121322910183167,-0.5804090106388606,-0.1998005922012011,-1.0,0.5382995054290137,2.498685575945255
-0.9558266233615448,0.9696564713978437,-0.21952255542280252,0.44688595823942145,-1.0,-0.19645093531225177,-1.6300352514184875
-0.047038150822797165,-0.1426548431426926,-1.0,-1.0,1.0,0.09918555035626841,-0.18786344868754928
-0.9924770312251703,-0.9318684471279737,-0.2388389264167291,-1.0,0.022442160837042202,1.0,-2.881185472556186
0.5213961087847864,-0.6762739605586366,-0.1706249116183639,-0.7221342404146154,-0.8478622125027122,-0.7955649483697806,5.204637269538078
-1.0,-0.48601060643336114,0.7875310093847414,-0.8054944694260188,-0.26577872249586454,0.7816385582478138,-3.7733137433322192
-1.0,0.08204242665468564,-0.9204735693331982,0.0026515412622233336,-0.24669626249802712,-1.0,4.846949357258349
-1.0,-1.0,-1.0,-1.0,1.0,0.5631215809851229,-6.010813160680231
1.0,0.0021020470540771274,1.0,0.09364506533500316,0.76834189965171,1.0,-4.733026984785048
1.0,1.0,1.0,1.0,0.2076480100212144,-1.0,1.5596040502267339
0.18197571714863262,0.6091997690385826,-0.5998182681333791,-0.4982941941983504,1.0,-0.9552439744607935,-0.9176456667520203
-0.8518640910290248,-0.290945647885467,-0.5227703913500724,-1.0,0.5483005800040801,0.7181404821958883,2.7772903164540237
0.6899915638410435,-0.3404257144009908,-0.6946113026806786,-0.4377964604749778,0.030036230921784757,0.2131205388915871,0.5548409379873382
0.826914450234538,0.40339033245546996,1.0,1.0,0.8525406640455774,1.0,-4.785170130496222
1.0,0.5953466011800453,1.0,-0.06664396744126277,-0.2223570009557001,-0.7045818241516519,2.821126806002248
-1.0,-1.0,-0.8200784426919292,-0.5003960077529488,-1.0,-1.0,1.7209176780928956
-0.5917841676730575,-0.7909890843748524,-0.6475040230702512,0.1450073712214176,-1.0,-1.0,0.32161277190455034
0.9691369294869792,1.0,0.405081936274603,0.10922155884792861,1.0,-0.2328351437717816,-2.5355449575804627
-0.5496568781903599,0.8530817610167355,-1.0,-0.3075311874738553,-0.39699992597866895,-0.49471005477836866,1.2602229749655625
-0.6034658418322689,-0.8855443776239322,-0.6435633751208301,-1.0,-1.0,-1.0,5.57844667928603
-0.39212362354843333,-1.0,-1.0,-0.23755012619857974,1.0,0.1725010160828867,-2.9739055805048764
-0.058904129911906494,-0.8843657692049259,1.0,-0.12995410753370867,-0.6006292922823055,-0.39223495652135765,2.8177389446908783
-0.856692827226461,-1.0,-1.0,-0.6659380863171029,1.0,0.12049279485402509,-4.91980937625861
0.2583044241376862,-0.04289790893318712,1.0,1.0,1.0,1.0,-1.0971883071938384
-0.1054886285997374,-1.0,0.15056871803336946,-1.0,-0.04862709248755437,-0.8574305515098299,4.309867410538646
-1.0,-0.38922963782555353,-0.33881842649328253,-0.43515534607449013,-1.0,-1.0,-0.16165564163977622
-1.0,-0.599927451101013,-0.02557560764525202,-0.448408624694381,1.0,0.7282939922047633,2.835404630579098
1.0,0.8736257433856377,0.37880923493487706,1.0,0.24938599939912648,-0.6412419827204301,1.2426263926871437
-1.0,-0.7221918227167766,-1.0,0.44195538744239704,-0.2770742843371927,-0.07773161974835574,-3.5494314519333994
1.0,1.0,0.4794102829443847,0.5532946648538386,1.0,0.03968919040830543,-4.097200152112587
-0.3000934800853605,-1.0,-1.0,-1.0,-1.0,-0.4803999832978587,2.3893153866443892
1.0,1.0,0.662421273576224,0.23128896583261568,0.5311021921715728,0.3377272665190243,-2.6775228369526562
0.8989028022224665,-0.47234461414858464,0.14729243080934495,1.0,-0.15393687439989623,0.3738884310102578,0.5624811692222258
-0.39843633198335904,0.631196155271475,-0.19637488800381536,0.7141264248229133,1.0,-1.0,2.6814886440260617
1.0,0.24111184421842274,-0.06208959053453739,0.146773891381776,-0.005785163887125577,-0.6322076121064377,1.9713432804218718
0.9389532471920645,0.1779479391011834,1.0,-0.742048708853419,-0.5577222849598205,-0.8903307509601627,3.768200866764121
-0.11650352840303002,-0.05293268491249781,0.621342822755743,0.6960727941375933,-0.6905789698627183,-1.0,3.215379008432116
-0.06478275514414883,1.0,-0.5267136119560673,1.0,1.0,-1.0,0.8339729508199987
-1.0,-0.43864943154948277,-0.7681386282058511,-1.0,-0.713728328519244,-0.7315263019387188,1.5781925688414544
0.37332967474056344,0.29194086173136524,1.0,0.08865128616482632,1.0,1.0,-2.192856051807422
-1.0,0.07979713608714933,-1.0,-0.4472949835767751,0.3434311735254365,-1.0,6.225822515472455
0.07266498867467563,0.8898841813224871,0.25447012771066835,0.44057488367438336,0.9742660171660533,1.0,5.135276573849566
-0.5307881667020539,-0.263576944931627,-0.36265266614275316,0.01983963060281113,-0.15390298276885916,-1.0,3.447273814674428
-0.026016872149520642,0.8915519792730024,0.06748785219612552,-0.5800789073349175,0.23685281917863654,1.0,4.856204830084588
-1.0,-0.7454123912951887,-0.6753112229752802,-1.0,-1.0,-0.2463827007058984,0.7307002829703625
0.8048756203542025,0.711152918665114,1.0,1.0,0.13125329592609036,-0.1282747061089281,-2.12966882468507
-1.0,-0.3363056236325046,-1.0,-1.0,-0.011507721837975493,0.24193971274987028,-2.958842567143414
0.7604476599777484,1.0,-0.38915756929524536,0.11278376715747451,0.02121526036395327,0.27052004784746986,1.4699961306391514
0.8864201412340245,-0.2804927378561439,0.7778839838364762,-0.5240465480501261,-0.3529911614544554,-0.8491323831619165,4.286591307969585
0.6241404057583625,0.11384690422516416,1.0,0.10914509465056355,-0.38636049599598077,0.34825899503257607,1.058070492890792
-1.0,-0.39160008376193756,-0.42077877846847356,-0.4544296101433674,1.0,0.6871947496119883,3.1764194428505537
-0.09680889119482439,-0.02114749526699508,-0.5515579895783569,-0.10952432837043924,0.25665562548745613,0.24333920709262014,0.9363323791435564
-1.0,-0.3677313137585701,0.10046279205266428,-1.0,-0.45805816027599566,1.0,-1.3680538151945278
0.0028720152511762104,-0.5985265654028973,0.2801092955169083,0.9549094549765762,-1.0,-0.7584143519372203,3.3356706125107083
-0.6549442260886776,0.2688980714634883,0.797368410162275,-1.0,0.5918204055764937,-1.0,3.322312488968188
0.8940776886098141,0.022600735657890392,1.0,-0.11027464762617789,-0.1041135971988899,0.5621550186591879,-0.7114292501077822
-1.0,1.0,0.4476221873982672,-0.4193290211923518,-0.6473778443516561,1.0,-0.6486166430909734
-0.7007332782145865,-0.16213525376415516,-0.44808387379417347,-1.0,-1.0,-1.0,1.4529083646423686
-0.1699694650996948,-0.8932047145450958,0.694686156497727,1.0,0.5760406244348962,0.2395779791396151,-0.2515842109598934
-0.106228592012168,-0.9465025223939845,0.37345403240949926,-0.7829388850068574,0.7363931775347473,1.0,-0.06067979339585661
0.48525758709093314,-0.931240811347156,-0.6050853808425403,-0.10688051759464212,-0.24055557038811526,1.0,1.9868127022037196
0.3582270834214657,-1.0,-1.0,0.07961543384834646,-0.9461255350511062,-1.0,2.537356084790915
-0.2939315623246903,-0.08035981366699974,0.6257392154730476,-0.6880995930219752,1.0,0.463778192148153,0.8496513492624341
0.04535822917204213,1.0,1.0,1.0,-0.6451768707029117,-0.26163545433916413,-1.6418485535852265
1.0,0.18352037750642736,0.6659119403743421,1.0,0.8951003783225813,1.0,-2.021057378284049
0.5682158681114899,1.0,1.0,1.0,0.10884712507919876,-0.4533179895304133,-2.4324763640679232
-0.5415346042913277,0.0416252466240917,-0.49710530494703353,-0.7834349026640106,-0.14505156833828892,-0.5009548492989754,-1.0532898078440665
0.7990909491295777,-1.0,0.13061241489279476,-0.05718987814816212,-0.10719870290912048,1.0,2.0837854441523587
-1.0,-1.0,1.0,0.037927814240988844,1.0,0.6510590972350347,0.5997898992679132
1.0,0.06430002819703828,0.788588072943097,1.0,-0.13904598208860472,0.07728823054873321,-0.7087274046672519
-0.08012526925737207,0.3973369923884055,0.9944793450818532,0.46847856930346843,0.20416967269283892,1.0,-2.4047687055156324
-0.10460120723460109,0.6033365272558754,0.7108193229935369,0.16279220862143118,0.613897599183838,0.9016777513641703,0.1609329417965878
-0.8506986089893401,0.13360977625925297,-0.7430014473475061,-0.4234065554960629,0.9385012113323445,0.4921872876951684,2.6746487993876773
1.0,1.0,-0.21349346666935365,-0.08619847855256624,-0.842544439769458,0.4823585772717196,3.988019776047443
-0.4272258561476592,-0.40467746536230975,-1.0,-0.8038232885642415,0.7733975495180492,-0.8434118789610943,2.8432223394847074
-0.10186090273028614,-1.0,0.5002767461929144,-1.0,-0.7486229433254092,-0.10422344694829833,5.916368779878528
0.1757692378619401,-0.322274886404767,-0.9676993350696699,0.2891547330950094,0.8471565645533509,0.13885388882240296,-0.8128611197765723
0.9419269960410651,0.23864244261830692,0.6117962751601883,0.31716362664983616,1.0,0.2053610156850627,-3.548994028506157
0.7443563557095643,0.9873741992426275,-0.6104926878037423,-0.11146852136932466,0.7245345771007237,0.3791043459606799,2.4168073425013326
-0.44588757316492733,0.13071856998004372,-1.0,0.3019040857686148,0.8795263467477579,-0.11992429371891564,-0.4801975034597441
1.0,0.6105314637790837,0.31308281870585186,0.9252879053670935,1.0,-0.07702995680866645,-1.6022775283727604
-0.25689952027962626,-1.0,0.46814212265170063,0.43053604607002166,0.05667412792664539,1.0,2.5141835008822153
-0.4280543699108321,-1.0,-1.0,-0.49235258973139007,0.21687278503381124,-1.0,2.595401138433417
0.19124595285926438,0.2313690885562606,-1.0,-0.6675847813232351,-0.5693044835414078,-0.37794852500480336,-0.8566080432139022
-0.39834809227544316,0.37131620317957825,0.34485698030989786,-1.0,-0.3707392504922101,-0.3034383821646043,-1.3361494716961126
-1.0,-0.8056157271582689,-0.06672920127416948,0.057952039558684,1.0,-0.39309552653291135,4.149075157116057
-0.46502119171291967,-1.0,-0.11921070710422366,-0.7440560864646365,0.8612773826867711,0.8352715552219387,0.8112030180903668
0.10370524100737921,0.8240605317116505,-0.16645600433419377,-0.5310125210236396,1.0,0.6471055997844144,3.1777519448244322
1.0,0.8228929112282318,0.9786526820204933,0.3185150459817021,0.8117982152631065,1.0,-6.1134386288911475
-0.48049531545295754,-1.0,-0.772443928026972,-0.35848823862270474,0.28850579112326674,-0.35466814572092376,-1.7368698259903952
-1.0,-0.5611095996201554,-0.987391653678692,-1.0,1.0,1.0,4.015177334076972
-0.42551344825205706,-1.0,-0.13244217555650262,-1.0,0.7652064700227299,0.6100922069520773,-0.9904244347345798
-0.01821173057432779,-1.0,-1.0,-0.09208507760548301,-0.4520808643321188,-0.9015808491551399,-0.1238147768558523
0.5320194209828562,0.3851303181248562,-0.33507734530339284,0.7129665920757216,-0.36190696922289817,-1.0,4.18526249612317
-0.41838768211963173,-1.0,-0.4803613366905588,-0.08733651888584959,0.3948761079081611,0.36573824998810883,-0.050620573478341035
-0.856302656383576,-0.8422777313142062,1.0,-0.6784677909400241,1.0,1.0,-2.8490900021727996
0.4196228266353072,-0.7194124858724612,-0.7415638758850933,0.14499656436345223,-0.16254677036825146,-0.6411221037620723,0.5454663887991107
0.5696302343211324,1.0,-0.0740673805536266,1.0,1.0,0.8794420063618233,0.5568864992363741
1.0,-0.5539854223565996,0.29452897843669207,0.6412472120797861,-1.0,-0.30685216889334155,4.628470103012767
-0.4562154346961434,1.0,0.5029484578220457,0.5464799765058141,0.9543450413357264,-1.0,0.588985649972207
-0.8706431295409084,0.5869647919520635,-1.0,-1.0,1.0,1.0,11.818480619220496
-0.7887412768194113,-0.6064044944669248,-0.42862044564738166,0.5558836152922904,0.48185693258847695,0.8796952495507171,3.3970695290315023
1.0,0.3419058180062278,0.8363472519116212,0.04215925382394414,-1.0,-0.02060343648634108,3.5718628697275654
-1.0,-0.7244931592627849,-0.1841807908457126,0.6559892300126742,-0.5487268091642453,-0.3390105172835548,-1.2611825037473843
1.0,0.5806281049565805,1.0,1.0,0.45902281041932524,1.0,-5.257069934758849
-0.973924402885311,0.24960500081249307,-0.3035115218271076,-0.819761070651931,0.2133003473084476,0.3255942205792011,0.371894379614785
1.0,1.0,0.3790089617440273,0.03222279849364362,-1.0,0.824990462211319,4.790735124425796
-0.1602072371637957,0.951909887517721,0.5040538201949005,-0.12478082791417544,1.0,1.0,4.2877209034859165
-0.11535666638486164,-1.0,-0.10710008318562447,-0.25235639912733954,1.0,-0.11795838137337267,-0.5469386013874589
1.0,0.5491860521159306,0.852691508378359,0.055966099450610596,0.6170677842096965,1.0,-2.2903655533979093
1.0,-0.01083289630378062,-1.0,-0.15399393493421812,0.4234153405490365,-0.5552215061881403,-0.6287717067007127
-0.7297854011641434,0.6522958736718224,-0.22030677375078492,-0.21496937549873435,0.14933723211646455,1.0,4.741620079408353
0.13432687944622373,0.40899988518623465,1.0,0.05955339113862923,-0.09516130910232842,-1.0,2.3653937902208315
-0.252232089599969,1.0,0.5497662322713829,0.54970895235809,1.0,-0.1530649813023327,-0.6216150493379972
-0.7808607593880172,-1.0,-1.0,-0.5429008612397184,1.0,0.4823102572883097,-3.287619632807245
0.2343075524559153,-0.3558869825714842,1.0,-0.8233857925836123,-1.0,1.0,0.9664865688986659
0.3238051984588486,0.5670903025100656,0.6163758342525828,0.8739146339878446,0.6685254022591209,-0.6107057330145349,-0.046848945219179546
-1.0,-1.0,-0.20462823506512007,-1.0,-1.0,-1.0,5.852250020282378
-0.32270055590225466,-0.40556494091589584,0.3727689726627474,1.0,1.0,1.0,4.28815574557816
0.6865671850080772,0.47327418111668185,0.4082298131004549,-0.0855842313507959,0.989071490823979,-0.6245042065939614,-0.652788734728692
-0.7728001155802773,-0.021025573136493003,-0.3318213912537211,-1.0,0.8731793416518462,1.0,5.800743322764364
0.22701011367757606,-0.883783115660677,-0.26600183452352916,0.07708046081764319,-0.2640700158716961,-0.8345378049326135,1.4357215212795233
0.7142224597333349,-0.5242646810178213,0.06943485153591589,-0.12077897004023275,-0.7413974873821977,-0.43217244329723814,3.4793050850958998
1.0,0.7231724776297401,0.9224007743393144,0.4733974141493622,0.5443142947474182,1.0,-3.222407026658585
0.6649202971290266,-0.7950720293680117,-1.0,-1.0,-0.11459097162922649,-1.0,3.8925062562650554
-0.6028030943143672,-0.15213832042859754,-0.3033702494699049,-0.3381183674401034,1.0,-1.0,4.991604650509335
0.525892583742227,0.2334880652001825,1.0,1.0,0.19541915530185167,-0.3956397704421545,-0.4104032840001641
0.1873196311163451,0.021116103907149908,-1.0,-0.3601888553595455,0.37283281022997283,-1.0,2.6707353604853097
-0.10193775291017837,-0.5485400411934002,0.5203227099649516,0.6658405014300537,-0.23849335983795394,0.09181477245951486,0.06965420407016001
-0.041702519058852916,-0.8783694145287975,-0.3587594247232744,-1.0,-1.0,-0.06447589957228206,5.065911336349023
0.6400910637835668,0.2991883821537008,0.8798070098663483,0.5968392414516669,0.6795485093357663,0.5355226933222491,-2.6051771076150003
-1.0,-0.01445900092548591,-0.9805846865204626,-1.0,1.0,-1.0,6.599259222644327
-1.0,-1.0,-1.0,-0.03163088063534447,0.19548449169129434,1.0,3.4043878234930087
-0.1058489584014558,-1.0,-1.0,-0.07196973854380972,0.8219291508129231,0.003798580034414911,-1.7254701786734332
0.05835248976288887,-0.6068375864371165,-1.0,-1.0,-0.08015901889457161,-0.8842485385359637,2.10890625582263
1.0,1.0,0.29326026779000536,1.0,-1.0,-0.7911110511617361,8.9331108703364
-0.5131807919503193,-1.0,-0.8536535064141353,-0.8650520116451998,1.0,-0.638648209932359,-1.0861090813596637
0.6598525532990562,1.0,1.0,0.695686391624365,0.6561551031081138,0.08544696530211393,-4.367054560968558
-0.511787485428872,0.06486886510716275,-1.0,-1.0,-0.24999901159538918,-0.20445295617258097,-1.5231733314116682
0.30697312517084874,1.0,0.8766041286753481,-0.07618468244153709,1.0,0.8995323605100107,-0.588627060285648
-1.0,-1.0,-1.0,-0.6768009114415336,0.6496724248999852,0.8590026684099765,-1.2858839029041695
-0.4507594603720626,-0.9172871361743717,-1.0,-0.4425795365301215,-0.5690622605641533,-1.0,2.387535322816605
0.6821111811974832,0.9050279530601881,0.22034585328266826,0.005090321528285591,-0.22290010775840918,1.0,4.019440473191384
1.0,0.10992557142386777,0.8720241453751658,-0.9601673786564031,-0.8058928925685671,-1.0,7.050604297214988
1.0,0.25828512906917456,1.0,0.12055468772435773,1.0,0.297693943350087,-4.376520207549095
-0.49244109697925276,-0.40633375164365765,0.5945724359883016,-0.403800470296132,-0.28716257309778603,0.047832758447999946,-0.9548349111675765
-0.6791848444047403,-0.008734901853230781,-1.0,0.1471969363660799,-0.6531719039609986,0.23022837718709888,-1.6188109414576277
1.0,1.0,0.9313456967500866,-0.13364147684356165,1.0,0.2439524293996116,-4.719134178975509
1.0,0.35328368152958034,0.8448269142079257,0.017542611159022004,-0.5839462368040058,0.2874946953103796,1.8654869722702438
0.25132156187816,-1.0,-0.5994248336009673,-0.09174288088269089,-1.0,0.6442233037694611,0.5575868708142914
1.0,0.30692737616022026,1.0,0.9009334090563149,-0.4460198970180671,-0.3712315698540022,2.9865814556780546
-0.6219599397119526,-0.8484843213711908,-0.3620359260206255,-0.9065009933863117,-0.378130930213463,-1.0,3.107370036758767
1.0,0.4822597260196546,0.5238341864687525,1.0,-0.44786240913410813,-0.4406028733928482,2.8981927608315536
